Title,Authority,Year,Type,Link,Note
PubMed / MEDLINE,"NCBI, U.S. National Library of Medicine",,Bibliographic Database,https://pubmed.ncbi.nlm.nih.gov,"Primary biomedical literature search engine; abstracts and citations for medicine, pharmacology, nursing."
Google Scholar,Google,,Academic Search Engine,https://scholar.google.com,"Broad cross-disciplinary scholarly search including theses, patents, case law."
ScienceDirect,Elsevier,,Full-text Database,https://www.sciencedirect.com,Full-text access to Elsevier journals and books in pharmaceutical sciences.
Scopus,Elsevier,,Abstract & Citation Database,https://www.scopus.com,"Citation analysis, h-index, journal ranking (CiteScore) for pharma research."
Web of Science,Clarivate,,Citation Database,https://www.webofscience.com,Journal Impact Factor source; multidisciplinary citation index.
Cochrane Library,Cochrane Collaboration,,Systematic Review Database,https://www.cochranelibrary.com,Gold-standard systematic reviews and meta-analyses for evidence-based practice.
ClinicalTrials.gov,U.S. NIH / NLM,,Clinical Trial Registry,https://clinicaltrials.gov,Global registry of clinical trials; protocol and results database.
Clinical Trials Registry – India (CTRI),ICMR – NIMS,,Clinical Trial Registry,https://ctri.nic.in,Mandatory registry for clinical trials conducted in India.
DrugBank,University of Alberta,,Drug & Target Database,https://go.drugbank.com,"Comprehensive drug, target, and pharmacology database."
PubChem,NCBI,,Chemical Database,https://pubchem.ncbi.nlm.nih.gov,"Chemical structures, bioactivity, and safety data for compounds."
RxList,WebMD,,Drug Information,https://www.rxlist.com,"Consumer/clinician drug monographs, interactions, side effects."
Drugs.com,Drugsite Trust,,Drug Information,https://www.drugs.com,"Drug interaction checker, dosage guides, identification tool."
Medscape,WebMD Health,,Clinical Reference,https://www.medscape.com,"Drug reference, CME, medical news for clinicians and students."
UpToDate,Wolters Kluwer,,Clinical Decision Support,https://www.uptodate.com,Evidence-based point-of-care clinical and drug information.
Micromedex,Merative (IBM Watson Health),,Drug Information Suite,https://www.merative.com/clinical-decision-support,Institutional-grade drug interaction and toxicology database.
Lexicomp,Wolters Kluwer,,Drug Reference,https://www.wolterskluwer.com/en/solutions/lexicomp,Detailed drug monographs used in hospital pharmacy practice.
Merck Manuals (Professional & Consumer),Merck & Co.,,Medical Reference,https://www.merckmanuals.com,Widely used free medical/pharma reference for students & clinicians.
World Health Organization (WHO),WHO,,Health Authority Portal,https://www.who.int,"Global health guidance, essential medicines, disease data."
WHO Model List of Essential Medicines,WHO,,Drug List Database,https://list.essentialmeds.org,Reference list of essential medicines updated biennially.
U.S. Food and Drug Administration (FDA),US FDA,,Regulatory Authority,https://www.fda.gov,"Drug approvals, labeling (FDA Orange Book), safety alerts."
FDA Orange Book,US FDA,,Approved Drug Database,https://www.accessdata.fda.gov/scripts/cder/ob,Therapeutic equivalence evaluations for approved drug products.
European Medicines Agency (EMA),EMA,,Regulatory Authority,https://www.ema.europa.eu,"EU drug approval, pharmacovigilance, and guideline documents."
National Center for Biotechnology Information (NCBI),NLM/NIH,,Research Portal,https://www.ncbi.nlm.nih.gov,"Umbrella portal for PubMed, PMC, Bookshelf, GenBank."
PubMed Central (PMC),NLM/NIH,,Full-text Repository,https://www.ncbi.nlm.nih.gov/pmc,Free full-text archive of biomedical/life-sciences journal literature.
ResearchGate,ResearchGate GmbH,,Academic Networking,https://www.researchgate.net,"Researcher profiles, preprints, and paper-sharing network."
Academia.edu,Academia Inc.,,Academic Networking,https://www.academia.edu,Platform to share and discover academic papers.
Semantic Scholar,Allen Institute for AI,,AI Research Search Engine,https://www.semanticscholar.org,AI-powered literature search with citation graphs and TL;DR summaries.
CORE,Jisc & Open University (UK),,Open Access Aggregator,https://core.ac.uk,Aggregates open-access research papers worldwide.
BASE (Bielefeld Academic Search Engine),Bielefeld University Library,,Academic Search Engine,https://www.base-search.net,One of the largest search engines for academic open-access web resources.
Directory of Open Access Journals (DOAJ),DOAJ,,Journal Directory,https://doaj.org,Curated list of peer-reviewed open-access journals.
PLOS (Public Library of Science),PLOS,,Open Access Publisher,https://www.plos.org,"Open-access journals including PLOS Medicine, PLOS ONE."
National Institutes of Health (NIH),U.S. NIH,,Research Authority,https://www.nih.gov,"Federal biomedical research agency; grants, guidelines, data."
Centers for Disease Control and Prevention (CDC),U.S. CDC,,Public Health Authority,https://www.cdc.gov,"Epidemiology, drug safety alerts, immunization schedules."
Indian Pharmacopoeia Commission (IPC) Portal,"IPC, Govt. of India",,Regulatory/Standards Body,https://ipc.gov.in,Official Indian drug standards and pharmacovigilance (PvPI) hub.
PharmaTutor,PharmaTutor,,Educational Portal,https://www.pharmatutor.org,"Pharmacy study material, articles, and project resources for UG/PG."
Pharmabiz,Saffron Media,,Industry News Portal,https://www.pharmabiz.com,Indian pharmaceutical industry news and regulatory updates.
Express Pharma,Indian Express Group,,Industry News Portal,https://www.expresspharma.in,Trade publication covering Indian pharma manufacturing & policy.
Pharmaceutical Journal (The Pharmaceutical Journal),Royal Pharmaceutical Society,,Professional News Portal,https://pharmaceutical-journal.com,UK-based professional and clinical pharmacy news/CPD resource.
LactMed / Environmental Health Databases,NLM (TOXNET successor),,Toxicology/Lactation Database,https://www.ncbi.nlm.nih.gov/books/NBK501922,Drug and lactation database for maternal-fetal pharmacology.
STAT News – Pharma,STAT (Boston Globe Media),,Industry News,https://www.statnews.com/category/pharma,"In-depth reporting on drug development, FDA actions, biotech."
ChemSpider,Royal Society of Chemistry,,Chemical Structure Database,https://www.chemspider.com,Free chemical structure database aggregating multiple sources.
KEGG (Kyoto Encyclopedia of Genes and Genomes),Kanehisa Laboratories,,Pathway/Drug Database,https://www.genome.jp/kegg,"Metabolic pathways, drug classification, and target databases."
WHOCC – ATC/DDD Index,WHO Collaborating Centre,,Drug Classification Tool,https://www.whocc.no/atc_ddd_index,Anatomical Therapeutic Chemical classification and defined daily doses.
MedlinePlus,U.S. NLM,,Consumer Health Information,https://medlineplus.gov,Patient-friendly drug and disease information from NLM.
National Health Portal of India (NHP),"MoHFW, Govt. of India",,Government Health Portal,https://www.nhp.gov.in,Indian government portal for health information and schemes.
The Lancet,Elsevier,,General Medicine,https://www.thelancet.com,High
New England Journal of Medicine (NEJM),Massachusetts Medical Society,,General Medicine,https://www.nejm.org,High
JAMA (Journal of the American Medical Association),American Medical Association,,General Medicine,https://jamanetwork.com/journals/jama,High
BMJ (British Medical Journal),BMJ Publishing Group,,General Medicine,https://www.bmj.com,High
Nature Medicine,Springer Nature,,Translational Medicine,https://www.nature.com/nm,High
Nature Reviews Drug Discovery,Springer Nature,,Drug Discovery,https://www.nature.com/nrd,High
Clinical Pharmacology & Therapeutics,Wiley / ASCPT,,Clinical Pharmacology,https://ascpt.onlinelibrary.wiley.com/journal/15326535,High
British Journal of Clinical Pharmacology,Wiley / BPS,,Clinical Pharmacology,https://bpspubs.onlinelibrary.wiley.com/journal/13652125,High
British Journal of Pharmacology,Wiley / BPS,,Pharmacology,https://bpspubs.onlinelibrary.wiley.com/journal/14765381,High
Indian Journal of Pharmacology (IJP),Wolters Kluwer / IPS,,Pharmacology,https://journals.lww.com/ijpharmacology,Moderate
Indian Journal of Pharmaceutical Sciences (IJPS),IPGA,,Pharmaceutical Sciences,https://www.ijpsonline.com,Moderate
Indian Journal of Pharmaceutical Education and Research (IJPER),Association of Pharmaceutical Teachers of India,,Pharmacy Education,https://ijper.org,Moderate
Journal of Pharmaceutical Sciences,Elsevier / AAPS,,Pharmaceutics,https://www.jpharmsci.org,High
International Journal of Pharmaceutics,Elsevier,,Pharmaceutics,https://www.journals.elsevier.com/international-journal-of-pharmaceutics,High
European Journal of Pharmaceutical Sciences,Elsevier,,Pharmaceutical Sciences,https://www.journals.elsevier.com/european-journal-of-pharmaceutical-sciences,Moderate-High
Drug Safety,Springer / Adis,,Pharmacovigilance,https://link.springer.com/journal/40264,High
Pharmacoeconomics,Springer / Adis,,Health Economics,https://link.springer.com/journal/40273,High
Journal of Clinical Pharmacy and Therapeutics,Wiley,,Clinical Pharmacy,https://onlinelibrary.wiley.com/journal/13652710,Moderate
Research in Social and Administrative Pharmacy,Elsevier,,Social Pharmacy,https://www.journals.elsevier.com/research-in-social-and-administrative-pharmacy,Moderate-High
American Journal of Health-System Pharmacy (AJHP),Oxford University Press / ASHP,,Hospital Pharmacy,https://academic.oup.com/ajhp,Moderate
Annals of Pharmacotherapy,SAGE,,Clinical Pharmacotherapy,https://journals.sagepub.com/home/aop,Moderate
Therapeutic Innovation & Regulatory Science,Springer / DIA,,Regulatory Science,https://link.springer.com/journal/43441,Moderate
Regulatory Toxicology and Pharmacology,Elsevier,,Regulatory Toxicology,https://www.journals.elsevier.com/regulatory-toxicology-and-pharmacology,Moderate
Frontiers in Pharmacology,Frontiers Media,,Pharmacology (Open Access),https://www.frontiersin.org/journals/pharmacology,Moderate
BMC Pharmacology and Toxicology,BioMed Central / Springer Nature,,Pharmacology (Open Access),https://bmcpharmacoltoxicol.biomedcentral.com,Moderate
PLOS ONE,PLOS,,Multidisciplinary (Open Access),https://journals.plos.org/plosone,Moderate
Asian Journal of Pharmaceutical and Clinical Research (AJPCR),Innovare Academic Sciences,,Pharmaceutical Sciences,https://innovareacademics.in/journals/index.php/ajpcr,Low-Moderate
Journal of Young Pharmacists (JYP),ELSEVIER / Phcog.net,,Pharmacy Education/Research,https://jyoungpharm.org,Low-Moderate
Pharmacognosy Magazine,Phcog.net,,Pharmacognosy,https://www.phcog.com,Low-Moderate
International Journal of Pharmacy and Pharmaceutical Sciences (IJPPS),Innovare Academic Sciences,,Pharmaceutical Sciences,https://innovareacademics.in/journals/index.php/ijpps,Low-Moderate
Journal of Advanced Pharmaceutical Technology & Research,Wolters Kluwer / Medknow,,Pharmaceutical Technology,https://journals.lww.com/japtr,Low-Moderate
Value in Health,Elsevier / ISPOR,,Health Economics/Outcomes,https://www.valueinhealthjournal.com,High
Clinical Therapeutics,Elsevier,,Clinical Pharmacology,https://www.clinicaltherapeutics.com,Moderate
Pharmaceutical Research,Springer,,Pharmaceutics/Biopharmaceutics,https://link.springer.com/journal/11095,Moderate-High
AAPS Journal,Springer / AAPS,,Pharmaceutical Sciences,https://link.springer.com/journal/12248,Moderate-High
Molecular Pharmaceutics,American Chemical Society,,Drug Delivery/Formulation,https://pubs.acs.org/journal/mpohbp,High
Journal of Controlled Release,Elsevier,,Drug Delivery,https://www.journals.elsevier.com/journal-of-controlled-release,High
Toxicology and Applied Pharmacology,Elsevier,,Toxicology,https://www.journals.elsevier.com/toxicology-and-applied-pharmacology,Moderate-High
Current Drug Safety,Bentham Science,,Pharmacovigilance,https://www.eurekaselect.com/journal/cds,Low-Moderate
Pharmacy Practice,Centro de Investigaciones y Publicaciones Farmaceuticas (Open Access),,Pharmacy Practice/Community Pharmacy,https://pharmacypractice.org,Low-Moderate
PubMed/MEDLINE,,,Literature Database,https://pubmed.ncbi.nlm.nih.gov,Primary source for peer-reviewed biomedical research papers; use MeSH terms for precision searches.
PubMed Central (PMC),,,Full-text Repository,https://www.ncbi.nlm.nih.gov/pmc,Free full-text versions of many PubMed-indexed articles.
Scopus,,,Abstract & Citation Database,https://www.scopus.com,"Citation tracking, author metrics (h-index), and subject-area filtering."
Web of Science Core Collection,,,Citation Database,https://www.webofscience.com,Source of official Journal Impact Factor (Clarivate JCR).
ScienceDirect,,,Full-text Database,https://www.sciencedirect.com,Elsevier's full-text platform for pharmaceutical/biomedical journals.
SpringerLink,,,Full-text Database,https://link.springer.com,Access point for Springer/Nature/Adis journals and book chapters.
Wiley Online Library,,,Full-text Database,https://onlinelibrary.wiley.com,"Hosts BPS, ASCPT and other pharmacology society journals."
JSTOR,,,Archival Database,https://www.jstor.org,Historical and cross-disciplinary academic articles/books.
medRxiv,,,Preprint Server (Health Sciences),https://www.medrxiv.org,Preprints in medicine/health sciences prior to peer review.
bioRxiv,,,Preprint Server (Biology),https://www.biorxiv.org,Preprints in biological sciences including pharmacology.
ChemRxiv,,,Preprint Server (Chemistry),https://chemrxiv.org,"Preprints in chemistry, medicinal chemistry, and drug design."
SSRN,,,Preprint/Working Paper Repository,https://www.ssrn.com,"Social sciences preprints, including health policy/economics."
ResearchGate,,,Researcher Network,https://www.researchgate.net,"Author-uploaded papers, preprints, and Q&A among researchers."
Semantic Scholar,,,AI Literature Search,https://www.semanticscholar.org,AI-based paper discovery with influential-citation ranking.
CORE,,,Open-Access Aggregator,https://core.ac.uk,Aggregates full-text open-access papers from repositories worldwide.
OpenAlex,,,Open Scholarly Index,https://openalex.org,"Free, open replacement for Microsoft Academic Graph; API access to metadata."
Dimensions.ai,,,Research Analytics Database,https://www.dimensions.ai,"Links publications, grants, clinical trials, and patents."
Google Scholar,,,Academic Search Engine,https://scholar.google.com,Broadest coverage; useful for citation counts and grey literature.
EBSCOhost (Academic Search Complete / MEDLINE),,,Full-text Database,https://www.ebsco.com,Common university-subscribed multidisciplinary database.
ProQuest Central,,,Full-text/Dissertation Database,https://www.proquest.com,"Aggregator including dissertations, theses, and journals."
Europe PMC,,,Life Sciences Repository,https://europepmc.org,European mirror/extension of PMC with patent and preprint links.
LILACS (Latin American & Caribbean Health Sciences),,,Regional Literature Database,https://lilacs.bvsalud.org,Regional biomedical literature index for Latin America/Caribbean.
IndMED / medIND,,,Indian Biomedical Database,https://medind.nic.in,Indexing of Indian biomedical journals (ICMR-NIC initiative).
Cochrane Central Register of Controlled Trials (CENTRAL),,,Trials Database,https://www.cochranelibrary.com/central,Repository of randomized controlled trial records feeding systematic reviews.
WHO International Clinical Trials Registry Platform (ICTRP),,,Trial Registry Aggregator,https://www.who.int/clinical-trials-registry-platform,Meta-register linking national clinical trial registries.
Central Drugs Standard Control Organization (CDSCO),,,National Drug Regulatory Authority,https://cdsco.gov.in,"Approves new drugs, clinical trials, regulates import/manufacture of drugs & cosmetics under DCGI."
Drug Controller General of India (DCGI) Office,,,Regulatory Authority (Head of CDSCO),https://cdsco.gov.in,Grants marketing authorization for new drugs and vaccines in India.
Indian Pharmacopoeia Commission (IPC),,,Standards-Setting Body,https://ipc.gov.in,Publishes the Indian Pharmacopoeia (IP) and operates the Pharmacovigilance Programme of India (PvPI).
Pharmacy Council of India (PCI),,,Professional Regulatory Council,https://www.pci.nic.in,Regulates pharmacy education and practice under the Pharmacy Act 1948.
National Pharmaceutical Pricing Authority (NPPA),,,Drug Pricing Regulator,https://www.nppaindia.nic.in,Regulates prices of essential medicines under the Drugs (Prices Control) Order.
Ministry of Health and Family Welfare (MoHFW),,,Central Government Ministry,https://www.mohfw.gov.in,Apex ministry overseeing national health policy and drug regulation.
Indian Council of Medical Research (ICMR),,,National Biomedical Research Body,https://www.icmr.gov.in,Issues ethical guidelines for biomedical/health research; funds research.
Department of Pharmaceuticals (DoP),,,Government Department,https://pharmaceuticals.gov.in,"Formulates pharmaceutical industry policy, including PLI schemes and Pharma Vision."
Ministry of AYUSH,,,Regulatory Ministry (Traditional Medicine),https://www.ayush.gov.in,"Regulates Ayurveda, Yoga, Unani, Siddha and Homoeopathy drug standards."
National Institute of Biologicals (NIB),,,Biologics Testing/Standards Body,https://www.nib.gov.in,"Quality control and standardization of biological products (vaccines, sera)."
Bureau of Indian Standards (BIS) – Medical & Pharma Sectional Committees,,,National Standards Body,https://www.bis.gov.in,Sets Indian standards relevant to pharmaceutical packaging/devices.
National Accreditation Board for Testing and Calibration Laboratories (NABL),,,Laboratory Accreditation Body,https://www.nabl-india.org,Accredits pharmaceutical testing/calibration laboratories.
"Drugs and Cosmetics Act, 1940 & Rules, 1945",,,Primary Legislation,https://cdsco.gov.in/opencms/opencms/en/Legislation/Acts,"Foundational law governing import, manufacture, sale & distribution of drugs/cosmetics in India."
"New Drugs and Clinical Trials Rules, 2019",,,Regulatory Guideline,https://cdsco.gov.in/opencms/opencms/en/Legislation/Acts,"Governs clinical trial approval, conduct, ethics committee registration, and compensation in India."
"Pharmacy Act, 1948",,,Primary Legislation,https://www.pci.nic.in,Regulates the pharmacy profession and education in India (PCI's enabling act).
"Narcotic Drugs and Psychotropic Substances (NDPS) Act, 1985",,,Primary Legislation,https://www.indiacode.nic.in,Controls narcotic drugs and psychotropic substances; penalties for misuse.
ICMR National Ethical Guidelines for Biomedical and Health Research Involving Human Participants (2017),,,Ethics Guideline,https://ethics.ncdirindia.org/asset/pdf/ICMR_National_Ethical_Guidelines.pdf,Governing framework for ethics of human-subject research in India (updated periodically).
Good Clinical Practice (GCP) Guidelines for India (CDSCO),,,Regulatory Guideline,https://cdsco.gov.in/opencms/opencms/en/Guidance-,Indian-specific GCP standards aligned with ICH-GCP for clinical trial conduct.
Schedule Y (Drugs and Cosmetics Rules),,,Regulatory Schedule,https://cdsco.gov.in,Requirements for clinical trials & new drug approvals in India.
Schedule M (Good Manufacturing Practices),,,Regulatory Schedule,https://cdsco.gov.in,GMP requirements for pharmaceutical manufacturing premises in India.
National List of Essential Medicines (NLEM) India,,,Essential Drug List,https://cdsco.gov.in/opencms/opencms/en/nlem,"Government-notified list of essential medicines, revised periodically."
Pharmacovigilance Programme of India (PvPI),,,National Safety Monitoring Programme,https://www.ipc.gov.in/pvpi,"National ADR (adverse drug reaction) monitoring system, coordinated by IPC."
Clinical Trials Registry – India (CTRI),,,Trial Registry,https://ctri.nic.in,Mandatory prospective registration of clinical trials conducted in India.
"Biomedical Waste Management Rules, 2016",,,Environmental/Health Regulation,https://cpcb.nic.in,Governs disposal of pharmaceutical and biomedical waste in India.
"Right to Information Act, 2005 (Health-sector application)",,,Governance Legislation,https://www.rti.gov.in,Enables transparency in access to regulatory records relevant to pharma governance.
U.S. Food and Drug Administration (FDA),,,National Regulator (USA),https://www.fda.gov,"Regulates drugs, biologics, and devices in the United States."
European Medicines Agency (EMA),,,Regional Regulator (EU),https://www.ema.europa.eu,Centralized authorization and safety monitoring for medicines in the EU.
International Council for Harmonisation (ICH),,,Global Harmonization Body,https://www.ich.org,"Publishes harmonized guidelines (Q, S, E, M series) adopted worldwide."
ICH E6(R2)/(R3) – Good Clinical Practice,,,International Guideline,https://www.ich.org/page/efficacy-guidelines,Global ethical and scientific quality standard for clinical trials.
ICH Q Series (Q1–Q14) – Quality Guidelines,,,International Guideline,https://www.ich.org/page/quality-guidelines,"Standards for stability testing, validation, and pharmaceutical quality systems."
World Health Organization (WHO) GMP Guidelines,,,International Guideline,https://www.who.int/teams/health-product-and-policy-standards/standards-and-specifications/norms-and-standards/current-projects/gmp,"WHO's Good Manufacturing Practice standards, widely adopted by developing nations."
WHO Good Clinical Practice Guidelines,,,International Guideline,https://www.who.int,WHO's operational guidance for ethical clinical trial conduct.
"Medicines and Healthcare products Regulatory Agency (MHRA), UK",,,National Regulator (UK),https://www.gov.uk/government/organisations/medicines-and-healthcare-products-regulatory-agency,"Regulates medicines, medical devices, and clinical trials in the UK."
"Therapeutic Goods Administration (TGA), Australia",,,National Regulator (Australia),https://www.tga.gov.au,Regulates therapeutic goods including medicines and devices in Australia.
Health Canada,,,National Regulator (Canada),https://www.canada.ca/en/health-canada.html,"Regulates drugs, medical devices, and natural health products in Canada."
"Pharmaceuticals and Medical Devices Agency (PMDA), Japan",,,National Regulator (Japan),https://www.pmda.go.jp/english,Reviews and approves drugs/devices in Japan.
China National Medical Products Administration (NMPA),,,National Regulator (China),https://english.nmpa.gov.cn,"Regulates drugs, devices, and cosmetics in China."
Swissmedic,,,National Regulator (Switzerland),https://www.swissmedic.ch,Swiss authorization and supervision authority for medicines.
South African Health Products Regulatory Authority (SAHPRA),,,National Regulator (South Africa),https://www.sahpra.org.za,Regulates health products in South Africa.
World Health Organization Prequalification Programme,,,International Programme,https://extranet.who.int/prequal,WHO evaluation for medicines procured by UN agencies for low-resource settings.
U.S. Pharmacopeia (USP–NF),,,International Standards Compendium,https://www.usp.org,"Official quality standards for medicines, widely referenced globally."
European Pharmacopoeia (Ph. Eur.),,,International Standards Compendium,https://www.edqm.eu/en/european-pharmacopoeia-ph-eur-11th-edition,"Official European drug-quality standards, referenced in many regulatory frameworks."
British Pharmacopoeia (BP),,,National Standards Compendium (UK),https://www.pharmacopoeia.com,"Official UK drug standards, historically referenced in India and Commonwealth countries."
International Pharmaceutical Federation (FIP),,,International Professional Body,https://www.fip.org,Global federation of pharmacists and pharmaceutical scientists; issues practice/ethics statements.
Council for International Organizations of Medical Sciences (CIOMS),,,International Ethics/Safety Body,https://cioms.ch,Publishes international ethical guidelines and pharmacovigilance reports (CIOMS I–VIII).
Declaration of Helsinki (World Medical Association),,,International Ethical Guideline,https://www.wma.net/policies-post/wma-declaration-of-helsinki,Foundational ethical principles for medical research involving human subjects.
ISO 13485 – Medical Devices Quality Management,,,International Standard,https://www.iso.org/standard/59752.html,Quality management systems requirement for medical device manufacturers.
ISO 14155 – Clinical Investigation of Medical Devices,,,International Standard,https://www.iso.org/standard/71690.html,Good clinical practice standard specific to medical device trials.
PIC/S (Pharmaceutical Inspection Co-operation Scheme),,,International Cooperative Body,https://picscheme.org,Harmonizes GMP inspection standards among member regulatory authorities.
Global Fund / UNITAID Procurement Guidelines,,,International Procurement Guidance,https://www.theglobalfund.org,Guidelines for quality-assured medicine procurement in global health programmes.
Declaration of Helsinki,World Medical Association,,Foundational Ethics Document,https://www.wma.net/policies-post/wma-declaration-of-helsinki,"Core ethical principles for research involving human subjects: informed consent, risk-benefit, vulnerable groups."
Nuremberg Code (1947),Nuremberg Military Tribunal,,Foundational Ethics Document,https://www.ushmm.org/information/exhibitions/online-exhibitions/special-focus/doctors-trial/nuremberg-code,First internationally recognized code on voluntary consent in human experimentation.
Belmont Report (1979),U.S. National Commission (HHS),,Foundational Ethics Document,https://www.hhs.gov/ohrp/regulations-and-policy/belmont-report,"Establishes respect for persons, beneficence, and justice as core research-ethics principles."
CIOMS International Ethical Guidelines for Health-related Research Involving Humans,CIOMS/WHO,,International Ethics Guideline,https://cioms.ch/publications/product/international-ethical-guidelines-for-health-related-research-involving-humans,"Detailed, scenario-based ethical guidance widely used alongside the Declaration of Helsinki."
ICMR National Ethical Guidelines for Biomedical and Health Research Involving Human Participants (2017),ICMR,,National Ethics Guideline (India),https://ethics.ncdirindia.org/asset/pdf/ICMR_National_Ethical_Guidelines.pdf,"India's binding ethical framework for biomedical/health research, incl. vulnerable populations and biobanking."
Pharmacy Council of India – Code of Pharmacy Ethics,Pharmacy Council of India,,Professional Code of Conduct (India),https://www.pci.nic.in,Statutory ethical code governing registered pharmacists' professional conduct in India.
FIP Code of Ethics for Pharmacists,International Pharmaceutical Federation,,International Professional Code,https://www.fip.org/statements,"Global reference code addressing pharmacists' duties to patients, society, and the profession."
American Pharmacists Association (APhA) – Code of Ethics for Pharmacists,APhA,,Professional Code of Conduct (USA),https://www.pharmacist.com/Code-of-Ethics,"Widely cited professional code emphasizing patient welfare, autonomy, and integrity."
Royal Pharmaceutical Society – Standards for Pharmacy Professionals (UK),General Pharmaceutical Council / RPS,,Professional Standards (UK),https://www.pharmacyregulation.org/standards,"Regulatory standards of conduct, ethics, and performance for UK pharmacy professionals."
Good Clinical Practice (ICH E6) – Ethical Principles Section,ICH,,Research Ethics Guideline,https://www.ich.org/page/efficacy-guidelines,"Embeds ethical conduct requirements (consent, IRB/EC oversight) within trial-quality standards."
WHO – Ethics and Governance of Artificial Intelligence for Health,WHO,,Emerging Ethics Guideline,https://www.who.int/publications/i/item/9789240029200,Extends pharmacy/health ethics principles to AI-enabled drug discovery and diagnostics.
"Indian Council of Medical Research – Ethical Guidelines for Biomedical Research on Human Participants (2006, superseded by 2017 version)",ICMR,,Historical National Guideline,https://main.icmr.nic.in,Predecessor framework useful for historical/ comparative ethics discussion in theses.
UNESCO Universal Declaration on Bioethics and Human Rights (2005),UNESCO,,International Ethics Declaration,https://www.unesco.org/en/legal-affairs/universal-declaration-bioethics-and-human-rights,Broader bioethics framework referenced in pharmacy-ethics coursework.
Beauchamp & Childress – Four Principles of Biomedical Ethics,Oxford University Press (textbook),,Academic Ethical Framework,https://global.oup.com/academic/product/principles-of-biomedical-ethics-9780190640873,"Autonomy, beneficence, non-maleficence, and justice — the standard framework taught in pharmacy ethics courses."
WHO Good Pharmacovigilance Practices – Ethical Reporting Obligations,WHO / IPC (PvPI),,Regulatory Ethics Guideline,https://www.who.int/teams/regulation-prequalification/pharmacovigilance,Ethical duty of healthcare professionals to report adverse drug reactions.
NCBI Bookshelf,NLM/NIH,,Free Biomedical Book Repository,https://www.ncbi.nlm.nih.gov/books,"Hundreds of free full-text biomedical/pharmacology textbooks and reports (e.g., StatPearls)."
WHO Publications / IRIS Repository,World Health Organization,,Free Institutional Repository,https://iris.who.int,"Free PDFs of WHO technical reports, essential-medicine guides, and pharmacovigilance manuals."
Directory of Open Access Books (DOAB),OAPEN Foundation,,Open Access Book Directory,https://www.doabooks.org,"Peer-reviewed academic open-access books, including pharmaceutical sciences."
OpenStax,Rice University,,Free Peer-Reviewed Textbooks,https://openstax.org,Free introductory-level science/biology/chemistry textbooks useful for foundational pharmacy courses.
Open Textbook Library,University of Minnesota,,Free Textbook Repository,https://open.umn.edu/opentextbooks,"Reviewed open textbooks across sciences, some directly relevant to pharmacology."
National Digital Library of India (NDLI),"IIT Kharagpur / MoE, Govt. of India",,Free National Digital Library,https://ndli.gov.in,"Free access to textbooks, theses, and journal articles curated for Indian students."
e-PG Pathshala,UGC / MHRD (India),,Free UGC E-Content Platform,https://epgp.inflibnet.ac.in,"Free postgraduate-level e-content, including pharmacy and pharmaceutical sciences modules."
SWAYAM (Study Webs of Active Learning for Young Aspiring Minds),Govt. of India,,Free MOOC Platform (India),https://swayam.gov.in,"Free courses and downloadable notes for pharmacy, pharmacology, and pharmaceutics."
Project Gutenberg,Project Gutenberg,,Free Public-Domain Library,https://www.gutenberg.org,Historical/public-domain texts useful for the history of pharmacy and pharmacology.
Internet Archive – Texts Collection,Internet Archive,,Free Digital Library,https://archive.org/details/texts,Digitized public-domain and lending editions of older pharmacy/pharmacology texts.
BC Campus Open Education – Pharmacology for Nurses,BCcampus (Canada),,Free Open Textbook,https://opentextbc.ca,Free open pharmacology textbook widely used as an introductory reference.
WHO Model Formulary,World Health Organization,,Free Reference Book,https://www.who.int/publications/i/item/9789241547659,Free formulary listing essential medicines with clinical-use guidance.
British National Formulary (BNF) – Open Access Summary Content,NICE / BMJ Group,,Free/Partially Open Reference,https://bnf.nice.org.uk,UK's standard drug formulary; core content freely browsable online (full access via NHS/subscription).
ICMR e-Publications,Indian Council of Medical Research,,Free Institutional Repository,https://www.icmr.gov.in/publication,"Free access to ICMR guidelines, reports, and research bulletins."
"Shodhganga (for reference theses, see Thesis sheet)","INFLIBNET, Govt. of India",,Free Thesis Repository,https://shodhganga.inflibnet.ac.in,"Free full-text Indian doctoral theses, including pharmacy dissertations."
Goodman & Gilman's The Pharmacological Basis of Therapeutics,"Brunton, Hilal-Dandan, Knollmann (Eds.)",,Pharmacology (Advanced/Reference),,Gold-standard advanced pharmacology reference used globally in PG and research. Publisher: McGraw Hill.
Katzung's Basic and Clinical Pharmacology,Bertram G. Katzung,,Pharmacology (UG/PG),,Widely used standard textbook for medical and pharmacy pharmacology courses. Publisher: McGraw Hill.
Tripathi's Essentials of Medical Pharmacology,K. D. Tripathi,,Pharmacology (UG - India),,The most widely prescribed Indian undergraduate pharmacology textbook. Publisher: Jaypee Brothers Medical Publishers.
Rang & Dale's Pharmacology,"Rang, Ritter, Flower, Henderson",,Pharmacology (UG/PG),,Comprehensive pharmacology text with strong mechanism-based explanations. Publisher: Elsevier.
Remington: The Science and Practice of Pharmacy,"Adejare (Ed.), originally Remington",,Pharmaceutics (Comprehensive Reference),,The classic comprehensive reference across all branches of pharmacy. Publisher: Pharmaceutical Press / Lippincott.
Martindale: The Complete Drug Reference,Pharmaceutical Press (Royal Pharmaceutical Society),,Drug Reference (Comprehensive),,Exhaustive international drug-information reference used by regulators and pharmacists. Publisher: Pharmaceutical Press.
Ansel's Pharmaceutical Dosage Forms and Drug Delivery Systems,"Allen Jr., Popovich, Ansel",,Pharmaceutics,,Standard text on dosage form design and drug delivery for pharmacy students. Publisher: Lippincott Williams & Wilkins.
Aulton's Pharmaceutics: The Design and Manufacture of Medicines,"Michael E. Aulton, Kevin M.G. Taylor (Eds.)",,Pharmaceutics/Industrial Pharmacy,,Leading reference on formulation science and pharmaceutical manufacturing. Publisher: Elsevier.
Clarke's Analysis of Drugs and Poisons,"Moffat, Osselton, Widdop (Eds.)",,Pharmaceutical/Forensic Analysis,,Standard reference for analytical/forensic identification of drugs and poisons. Publisher: Pharmaceutical Press.
Harrison's Principles of Internal Medicine,"Loscalzo, Fauci, Kasper, et al. (Eds.)",,Internal Medicine (Reference),,Leading internal medicine reference frequently cited alongside pharmacology texts. Publisher: McGraw Hill.
Indian Pharmacopoeia (IP),Indian Pharmacopoeia Commission,,Official Drug Standards Compendium (India),,"Legally binding Indian quality standards for drugs and excipients. Publisher: IPC, Govt. of India."
British Pharmacopoeia (BP),MHRA / British Pharmacopoeia Commission,,Official Drug Standards Compendium (UK),,"Official UK/European-aligned drug standards, historically influential in India. Publisher: The Stationery Office / Pharmacopoeia.com."
United States Pharmacopeia–National Formulary (USP–NF),United States Pharmacopeial Convention,,Official Drug Standards Compendium (USA),,"Legally recognized U.S. drug-quality compendium, referenced internationally. Publisher: USP."
Wilson and Gisvold's Textbook of Organic Medicinal and Pharmaceutical Chemistry,"Block, Beale (Eds.)",,Medicinal Chemistry,,Standard medicinal chemistry reference for structure-activity relationships. Publisher: Lippincott Williams & Wilkins.
Foye's Principles of Medicinal Chemistry,"Lemke, Williams (Eds.)",,Medicinal Chemistry,,Comprehensive drug-design and medicinal-chemistry reference. Publisher: Lippincott Williams & Wilkins.
Textbook of Biopharmaceutics and Pharmacokinetics,"D. M. Brahmankar, Sunil B. Jaiswal",,Biopharmaceutics/Pharmacokinetics,,Standard Indian textbook on biopharmaceutics and pharmacokinetic principles. Publisher: Vallabh Prakashan.
Pharmaceutical Practice (Rutter's),"Rutter, Newby (Eds.)",,Pharmacy Practice,,Practice-oriented reference for community and clinical pharmacy skills. Publisher: Elsevier.
Pharmacotherapy: A Pathophysiologic Approach,"DiPiro, Yee, Posey, et al. (Eds.)",,Clinical Pharmacotherapy,,Leading clinical-pharmacy reference linking disease pathophysiology to drug therapy. Publisher: McGraw Hill.
Essentials of Pharmacoeconomics,Karen Rascati,,Pharmacoeconomics,,Standard introductory text on pharmacoeconomic evaluation methods. Publisher: Lippincott Williams & Wilkins.
Introduction to Clinical Pharmacology,"Constance G. Visovsky, Cheryl Zambroski, Shirley Hosler",,Clinical Pharmacology (Nursing/Allied Health adjunct),,Accessible foundational clinical pharmacology reference for allied health students. Publisher: Elsevier.
Shodhganga,"INFLIBNET Centre, UGC, Govt. of India",,National Thesis Repository (India),https://shodhganga.inflibnet.ac.in,"Free full-text repository of Indian doctoral theses across all universities, including pharmacy."
Shodhgangotri,INFLIBNET Centre,,Synopsis Repository (India),https://shodhgangotri.inflibnet.ac.in,Repository of PhD research synopses/proposals from Indian universities.
ProQuest Dissertations & Theses Global,ProQuest,,International Thesis Database,https://www.proquest.com/products-services/pqdtglobal.html,Largest international database of graduate dissertations and theses.
EThOS (Electronic Theses Online Service),British Library,,National Thesis Repository (UK),https://ethos.bl.uk,Repository of UK doctoral theses (service undergoing periodic restoration — check current status).
DART-Europe E-theses Portal,DART-Europe Consortium,,Regional Thesis Portal (Europe),https://www.dart-europe.org,Access point for full-text European doctoral theses.
National Digital Library of India (NDLI) – Thesis Section,IIT Kharagpur / Ministry of Education,,National Digital Repository (India),https://ndli.gov.in,Aggregates theses alongside books and articles for Indian students.
OATD (Open Access Theses and Dissertations),OATD.org,,Global Thesis Aggregator,https://oatd.org,Indexes millions of open-access theses/dissertations from universities worldwide.
NDLTD (Networked Digital Library of Theses and Dissertations),NDLTD Consortium,,Global Thesis Network,https://www.ndltd.org,International network promoting access to electronic theses and dissertations.
Core.ac.uk – Theses Filter,Jisc & Open University,,Open Access Aggregator (Theses),https://core.ac.uk,Can be filtered to surface open-access theses among aggregated research.
"University Institutional Repositories (e.g., IIT, NIPER, university library portals)",Respective Universities,,Institutional Repository,Varies (search: '[university name] institutional repository'),"Many Indian pharmacy institutes (e.g., NIPER) host their own open thesis repositories."
WHO Global Health Observatory (GHO),World Health Organization,,Health Data/Survey Portal,https://www.who.int/data/gho,"Global health statistics, medicine-access indicators, and country health profiles."
"National Family Health Survey (NFHS), India",Ministry of Health & Family Welfare / IIPS,,National Health Survey,http://rchiips.org/nfhs,"India's principal demographic and health survey, incl. medicine use and maternal health."
IQVIA Institute for Human Data Science,IQVIA,,Pharma Industry Research Reports,https://www.iqvia.com/insights/the-iqvia-institute,Widely cited global pharmaceutical market and medicine-use trend reports.
Statista – Pharmaceutical Industry Statistics,Statista GmbH,,Market Data/Survey Aggregator,https://www.statista.com/markets/412/topic/477/pharmaceuticals,"Aggregated statistics and survey data on pharma markets, sales, and R&D spend."
Indian Pharmaceutical Alliance (IPA) – Reports & Publications,Indian Pharmaceutical Alliance,,Industry Association Reports,https://www.ipa-india.org,Reports on the Indian generics/pharma industry from a leading trade body.
Pharmexcil (Pharmaceuticals Export Promotion Council of India),"Ministry of Commerce, Govt. of India",,Trade/Export Survey Data,https://www.pharmexcil.com,Export statistics and industry survey reports for Indian pharma.
World Health Survey / WHO Study on Global Ageing and Adult Health (SAGE),World Health Organization,,International Health Survey,https://www.who.int/data/data-collection-tools/study-on-global-ageing-and-adult-health,Cross-country survey data on health status and medicine access in adults.
"National Sample Survey Office (NSSO) – Health Rounds, India","Ministry of Statistics & Programme Implementation, Govt. of India",,National Statistical Survey,https://www.mospi.gov.in,Periodic government survey rounds covering healthcare expenditure and access in India.
Ipsos Global Health Service Surveys,Ipsos,,Market Research Surveys,https://www.ipsos.com/en/health,Global consumer/patient survey data relevant to pharmaceutical marketing and access research.
Deloitte – Global Life Sciences and Health Care Industry Outlook,Deloitte,,Industry Survey Report,https://www2.deloitte.com/global/en/industries/life-sciences-health-care.html,Annual industry-outlook reports frequently cited in pharma-management coursework.
McKinsey & Company – Pharmaceuticals & Medical Products Insights,McKinsey & Company,,Industry Survey/Analysis,https://www.mckinsey.com/industries/life-sciences,Strategic industry reports and survey-based insights on pharma trends.
PwC – Pharma and Life Sciences Industry Reports,PricewaterhouseCoopers,,Industry Survey Report,https://www.pwc.com/gx/en/industries/pharmaceuticals-life-sciences.html,Periodic survey-based industry outlook and regulatory-trend reports.
CPhI Annual Pharma Industry Report,CPhI (Informa Markets),,Industry Survey Report,https://www.cphi.com/europe/en/discover/cphi-annual-report.html,Annual industry survey compiling expert opinion on global pharma trends.
"National Institute of Health and Family Welfare (NIHFW) Surveys, India","NIHFW, Govt. of India",,National Health Research Body,https://www.nihfw.ac.in,Publishes survey-based health-systems research relevant to Indian pharmacy practice.
Drug Utilization Research Group (DURG) / WHO Drug Utilization Studies,WHO / International DURG network,,Drug-Use Survey Methodology & Reports,https://www.who.int/teams/health-product-and-policy-standards,Standardized methodology and published survey data on real-world medicine utilization.
"New Drugs and Clinical Trials Rules, 2019 (as amended)","CDSCO / MoHFW, Govt. of India",2019,Indian regulation,"https://cdsco.gov.in/opencms/resources/UploadCDSCOWeb/2022/new_DC_rules/NEW%20DRUGS%20ANDctrS%20RULE,%202019.pdf","GSR 227(E), 19-03-2019. Covers new drugs, investigational new drugs, clinical trials, BA/BE studies and ethics committees. CDSCO copy shows 2022 amendments; check for the latest."
"Drugs and Cosmetics Act, 1940 and Drugs and Cosmetics Rules, 1945","CDSCO / MoHFW, Govt. of India",1940 / 1945,Indian regulation,https://cdsco.gov.in,"Parent law for drug manufacture, sale and import in India. Find the Act and Rules in the CDSCO website's Acts & Rules section."
CDSCO status at ICH (observer),ICH / CDSCO,2016,Regulatory status,https://fdanews.com/articles/196280-ich-to-bring-india-on-board,Joined ICH as observer in Feb 2016 (no voting rights) per a March 2020 report. Verify current status on ich.org. ICH guidelines are technical references; binding law in India is the D&C Act/Rules and NDCT Rules.
CDSCO Good Clinical Practice guidelines (draft),CDSCO,2024,Indian guideline (draft),https://www.regdesk.co/blog/cdsco-guidance-on-good-clinical-practices-overview/,Draft released Sept 2024 for 30-day consultation; aligned with NDCT Rules 2019 and draws on ICH E6(R3). Link is a secondary summary; check cdsco.gov.in for final status.
Indian Pharmacopoeia (IP) - monographs incl. paracetamol and ibuprofen,"Indian Pharmacopoeia Commission (IPC), MoHFW",2022,Pharmacopoeia,https://ipc.gov.in,"Legal quality standards (identity, purity, strength). IP 2022 is the edition I have; IPC has announced a 2026 edition, so check the latest before citing."
Pharmacovigilance Programme of India (PvPI),IPC (National Coordination Centre) / MoHFW,2010,Pharmacovigilance,https://ipc.gov.in/PvPI/about.html,"Launched July 2010; coordination centre moved to IPC in April 2011. ADR reports for any drug, including paracetamol and ibuprofen, go through this network."
National List of Essential Medicines (NLEM) 2022,"MoHFW, Govt. of India",2022,Essential medicines list,https://main.mohfw.gov.in/newshighlights-104,384 medicines; NLEM drugs fall under NPPA price control. Confirm the exact paracetamol and ibuprofen entries (strengths/levels of care) in the analgesic/NSAID section.
ICH E6(R3) Good Clinical Practice,ICH,2025,ICH guideline - Efficacy,https://www.ich.org/page/efficacy-guidelines,Finalised Jan 2025. Global GCP standard behind India's clinical trial practice; link opens ICH Efficacy guidelines page.
ICH E2E Pharmacovigilance Planning,ICH,2004,ICH guideline - Efficacy,https://www.ich.org/page/efficacy-guidelines,Framework for safety specification and pharmacovigilance plans; relevant to PvPI-style post-marketing monitoring.
ICH E2C(R2) Periodic Benefit-Risk Evaluation Report (PBRER),ICH,2012,ICH guideline - Efficacy,https://www.ich.org/page/efficacy-guidelines,Periodic safety reporting format; India's PSUR requirements are separate but related.
ICH Q1A(R2) Stability Testing of New Drug Substances and Products,ICH,2003,ICH guideline - Quality,https://www.ich.org/page/quality-guidelines,Basis for stability studies of paracetamol and ibuprofen dosage forms. The Q1 series is under revision; check ich.org for the current version.
ICH Q2(R2) Validation of Analytical Procedures,ICH,2023,ICH guideline - Quality,https://www.ich.org/page/quality-guidelines,Applies to assay and related-substances methods (e.g. HPLC/UV) for paracetamol and ibuprofen.
ICH Q3A(R2) Impurities in New Drug Substances,ICH,2006,ICH guideline - Quality,https://www.ich.org/page/quality-guidelines,"Reporting, identification and qualification thresholds for drug substance impurities (e.g. 4-aminophenol is a known paracetamol related substance)."
ICH Q3B(R2) Impurities in New Drug Products,ICH,2006,ICH guideline - Quality,https://www.ich.org/page/quality-guidelines,Degradation products in finished dosage forms.
ICH Q3C(R8) Residual Solvents,ICH,2021,ICH guideline - Quality,https://www.ich.org/page/quality-guidelines,Permitted daily exposure limits for residual solvents in APIs and products.
ICH Q3D(R2) Elemental Impurities,ICH,2022,ICH guideline - Quality,https://www.ich.org/page/quality-guidelines,Risk-based control of elemental impurities in drug products.
ICH Q6A Specifications: Test Procedures and Acceptance Criteria (Chemical Substances),ICH,1999,ICH guideline - Quality,https://www.ich.org/page/quality-guidelines,Framework for setting specifications for drug substances and tablets/oral liquids.
ICH Q8(R2) Pharmaceutical Development,ICH,2009,ICH guideline - Quality,https://www.ich.org/page/quality-guidelines,Quality by Design principles for formulation development.
ICH Q9(R1) Quality Risk Management,ICH,2023,ICH guideline - Quality,https://www.ich.org/page/quality-guidelines,Risk management framework across the product lifecycle.
ICH Q10 Pharmaceutical Quality System,ICH,2008,ICH guideline - Quality,https://www.ich.org/page/quality-guidelines,Quality system model that complements GMP.
ICH M4(R4) Common Technical Document (CTD),ICH,2016,ICH guideline - Multidisciplinary,https://www.ich.org/page/multidisciplinary-guidelines,Standard dossier format for registration applications.
ICH M9 Biopharmaceutics Classification System-based Biowaivers,ICH,2019,ICH guideline - Multidisciplinary,https://www.ich.org/page/multidisciplinary-guidelines,Criteria for waiving in vivo BE studies for some oral products; check the drug's BCS class in the literature before applying.
"Paracetamol: mechanism of action, applications and safety concern","Acta Pol Pharm (Jozwiak-Bebenista M, Nowak JZ)",2014,PubMed - Review,https://pubmed.ncbi.nlm.nih.gov/24779190/,"PMID 24779190. Covers mechanisms, uses and hepatotoxicity risk with high doses (>4 g/day). Paracetamol."
An Updated Review on the Metabolite (AM404)-Mediated Central Mechanism of Action of Paracetamol (Acetaminophen),"J Pain Res (Mallet C, Desmeules J, Pegahi R, Eschalier A)",2023,PubMed - Review,https://pubmed.ncbi.nlm.nih.gov/37016715/,"PMID 37016715. Central, COX-independent analgesic mechanism via AM404; notes NAPQI-mediated liver necrosis at high doses. Paracetamol."
"Ibuprofen: pharmacology, efficacy and safety",Inflammopharmacology (Rainsford KD),2009,PubMed - Review,https://pubmed.ncbi.nlm.nih.gov/19949916/,"PMID 19949916. Comprehensive review of ibuprofen pharmacology, clinical use and safety, including comparison with paracetamol. Ibuprofen."
Single dose oral ibuprofen plus paracetamol (acetaminophen) for acute postoperative pain,"Cochrane Database Syst Rev (Derry CJ, Derry S, Moore RA)",2013,PubMed - Cochrane review,https://www.cochrane.org/evidence/CD010210_single-dose-oral-ibuprofen-plus-paracetamol-acetaminophen-acute-postoperative-pain,CD010210. Three trials (1647 people): the combination outperformed either drug alone. Both drugs. Link goes to the Cochrane page.
PubMed live search: paracetamol systematic reviews,NCBI / National Library of Medicine,Live search,PubMed - search,https://pubmed.ncbi.nlm.nih.gov/?term=paracetamol+AND+systematic%5Bsb%5D,Always-current list of systematic reviews on paracetamol.
PubMed live search: ibuprofen systematic reviews,NCBI / National Library of Medicine,Live search,PubMed - search,https://pubmed.ncbi.nlm.nih.gov/?term=ibuprofen+AND+systematic%5Bsb%5D,Always-current list of systematic reviews on ibuprofen.
PubMed live search: paracetamol or ibuprofen with India affiliation,NCBI / National Library of Medicine,Live search,PubMed - search,https://pubmed.ncbi.nlm.nih.gov/?term=%28paracetamol+OR+ibuprofen%29+AND+India%5Bad%5D,Studies with an Indian author affiliation; useful for India-specific data.
Paracetamol,NCBI PubChem,,Syllabus drug — Analgesic/antipyretic,https://pubchem.ncbi.nlm.nih.gov/#query=Paracetamol,"Use for B.Pharm pharmacology/medicinal chemistry revision: mechanism, class, structure/functional groups, therapeutic uses, adverse effects, interactions and important exam points."
Ibuprofen,NCBI PubChem,,Syllabus drug — NSAID,https://pubchem.ncbi.nlm.nih.gov/#query=Ibuprofen,"Use for B.Pharm pharmacology/medicinal chemistry revision: mechanism, class, structure/functional groups, therapeutic uses, adverse effects, interactions and important exam points."
Aspirin,NCBI PubChem,,Syllabus drug — NSAID / antiplatelet,https://pubchem.ncbi.nlm.nih.gov/#query=Aspirin,"Use for B.Pharm pharmacology/medicinal chemistry revision: mechanism, class, structure/functional groups, therapeutic uses, adverse effects, interactions and important exam points."
Diclofenac,NCBI PubChem,,Syllabus drug — NSAID,https://pubchem.ncbi.nlm.nih.gov/#query=Diclofenac,"Use for B.Pharm pharmacology/medicinal chemistry revision: mechanism, class, structure/functional groups, therapeutic uses, adverse effects, interactions and important exam points."
Naproxen,NCBI PubChem,,Syllabus drug — NSAID,https://pubchem.ncbi.nlm.nih.gov/#query=Naproxen,"Use for B.Pharm pharmacology/medicinal chemistry revision: mechanism, class, structure/functional groups, therapeutic uses, adverse effects, interactions and important exam points."
Indomethacin,NCBI PubChem,,Syllabus drug — NSAID,https://pubchem.ncbi.nlm.nih.gov/#query=Indomethacin,"Use for B.Pharm pharmacology/medicinal chemistry revision: mechanism, class, structure/functional groups, therapeutic uses, adverse effects, interactions and important exam points."
Ketorolac,NCBI PubChem,,Syllabus drug — NSAID,https://pubchem.ncbi.nlm.nih.gov/#query=Ketorolac,"Use for B.Pharm pharmacology/medicinal chemistry revision: mechanism, class, structure/functional groups, therapeutic uses, adverse effects, interactions and important exam points."
Meloxicam,NCBI PubChem,,Syllabus drug — NSAID,https://pubchem.ncbi.nlm.nih.gov/#query=Meloxicam,"Use for B.Pharm pharmacology/medicinal chemistry revision: mechanism, class, structure/functional groups, therapeutic uses, adverse effects, interactions and important exam points."
Celecoxib,NCBI PubChem,,Syllabus drug — COX-2 selective NSAID,https://pubchem.ncbi.nlm.nih.gov/#query=Celecoxib,"Use for B.Pharm pharmacology/medicinal chemistry revision: mechanism, class, structure/functional groups, therapeutic uses, adverse effects, interactions and important exam points."
Etodolac,NCBI PubChem,,Syllabus drug — NSAID,https://pubchem.ncbi.nlm.nih.gov/#query=Etodolac,"Use for B.Pharm pharmacology/medicinal chemistry revision: mechanism, class, structure/functional groups, therapeutic uses, adverse effects, interactions and important exam points."
Mefenamic acid,NCBI PubChem,,Syllabus drug — NSAID,https://pubchem.ncbi.nlm.nih.gov/#query=Mefenamic%20acid,"Use for B.Pharm pharmacology/medicinal chemistry revision: mechanism, class, structure/functional groups, therapeutic uses, adverse effects, interactions and important exam points."
Tramadol,NCBI PubChem,,Syllabus drug — Opioid analgesic,https://pubchem.ncbi.nlm.nih.gov/#query=Tramadol,"Use for B.Pharm pharmacology/medicinal chemistry revision: mechanism, class, structure/functional groups, therapeutic uses, adverse effects, interactions and important exam points."
Morphine,NCBI PubChem,,Syllabus drug — Opioid analgesic,https://pubchem.ncbi.nlm.nih.gov/#query=Morphine,"Use for B.Pharm pharmacology/medicinal chemistry revision: mechanism, class, structure/functional groups, therapeutic uses, adverse effects, interactions and important exam points."
Codeine,NCBI PubChem,,Syllabus drug — Opioid analgesic,https://pubchem.ncbi.nlm.nih.gov/#query=Codeine,"Use for B.Pharm pharmacology/medicinal chemistry revision: mechanism, class, structure/functional groups, therapeutic uses, adverse effects, interactions and important exam points."
Fentanyl,NCBI PubChem,,Syllabus drug — Opioid analgesic,https://pubchem.ncbi.nlm.nih.gov/#query=Fentanyl,"Use for B.Pharm pharmacology/medicinal chemistry revision: mechanism, class, structure/functional groups, therapeutic uses, adverse effects, interactions and important exam points."
Buprenorphine,NCBI PubChem,,Syllabus drug — Opioid analgesic,https://pubchem.ncbi.nlm.nih.gov/#query=Buprenorphine,"Use for B.Pharm pharmacology/medicinal chemistry revision: mechanism, class, structure/functional groups, therapeutic uses, adverse effects, interactions and important exam points."
Pentazocine,NCBI PubChem,,Syllabus drug — Opioid analgesic,https://pubchem.ncbi.nlm.nih.gov/#query=Pentazocine,"Use for B.Pharm pharmacology/medicinal chemistry revision: mechanism, class, structure/functional groups, therapeutic uses, adverse effects, interactions and important exam points."
Naloxone,NCBI PubChem,,Syllabus drug — Opioid antagonist,https://pubchem.ncbi.nlm.nih.gov/#query=Naloxone,"Use for B.Pharm pharmacology/medicinal chemistry revision: mechanism, class, structure/functional groups, therapeutic uses, adverse effects, interactions and important exam points."
Atropine,NCBI PubChem,,Syllabus drug — Antimuscarinic,https://pubchem.ncbi.nlm.nih.gov/#query=Atropine,"Use for B.Pharm pharmacology/medicinal chemistry revision: mechanism, class, structure/functional groups, therapeutic uses, adverse effects, interactions and important exam points."
Scopolamine,NCBI PubChem,,Syllabus drug — Antimuscarinic,https://pubchem.ncbi.nlm.nih.gov/#query=Scopolamine,"Use for B.Pharm pharmacology/medicinal chemistry revision: mechanism, class, structure/functional groups, therapeutic uses, adverse effects, interactions and important exam points."
Neostigmine,NCBI PubChem,,Syllabus drug — Acetylcholinesterase inhibitor,https://pubchem.ncbi.nlm.nih.gov/#query=Neostigmine,"Use for B.Pharm pharmacology/medicinal chemistry revision: mechanism, class, structure/functional groups, therapeutic uses, adverse effects, interactions and important exam points."
Physostigmine,NCBI PubChem,,Syllabus drug — Acetylcholinesterase inhibitor,https://pubchem.ncbi.nlm.nih.gov/#query=Physostigmine,"Use for B.Pharm pharmacology/medicinal chemistry revision: mechanism, class, structure/functional groups, therapeutic uses, adverse effects, interactions and important exam points."
Pilocarpine,NCBI PubChem,,Syllabus drug — Muscarinic agonist,https://pubchem.ncbi.nlm.nih.gov/#query=Pilocarpine,"Use for B.Pharm pharmacology/medicinal chemistry revision: mechanism, class, structure/functional groups, therapeutic uses, adverse effects, interactions and important exam points."
Bethanechol,NCBI PubChem,,Syllabus drug — Muscarinic agonist,https://pubchem.ncbi.nlm.nih.gov/#query=Bethanechol,"Use for B.Pharm pharmacology/medicinal chemistry revision: mechanism, class, structure/functional groups, therapeutic uses, adverse effects, interactions and important exam points."
Adrenaline,NCBI PubChem,,Syllabus drug — Adrenergic agonist,https://pubchem.ncbi.nlm.nih.gov/#query=Adrenaline,"Use for B.Pharm pharmacology/medicinal chemistry revision: mechanism, class, structure/functional groups, therapeutic uses, adverse effects, interactions and important exam points."
Noradrenaline,NCBI PubChem,,Syllabus drug — Adrenergic agonist,https://pubchem.ncbi.nlm.nih.gov/#query=Noradrenaline,"Use for B.Pharm pharmacology/medicinal chemistry revision: mechanism, class, structure/functional groups, therapeutic uses, adverse effects, interactions and important exam points."
Dopamine,NCBI PubChem,,Syllabus drug — Adrenergic agonist,https://pubchem.ncbi.nlm.nih.gov/#query=Dopamine,"Use for B.Pharm pharmacology/medicinal chemistry revision: mechanism, class, structure/functional groups, therapeutic uses, adverse effects, interactions and important exam points."
Isoprenaline,NCBI PubChem,,Syllabus drug — ?-adrenergic agonist,https://pubchem.ncbi.nlm.nih.gov/#query=Isoprenaline,"Use for B.Pharm pharmacology/medicinal chemistry revision: mechanism, class, structure/functional groups, therapeutic uses, adverse effects, interactions and important exam points."
Salbutamol,NCBI PubChem,,Syllabus drug — ?2 agonist,https://pubchem.ncbi.nlm.nih.gov/#query=Salbutamol,"Use for B.Pharm pharmacology/medicinal chemistry revision: mechanism, class, structure/functional groups, therapeutic uses, adverse effects, interactions and important exam points."
Terbutaline,NCBI PubChem,,Syllabus drug — ?2 agonist,https://pubchem.ncbi.nlm.nih.gov/#query=Terbutaline,"Use for B.Pharm pharmacology/medicinal chemistry revision: mechanism, class, structure/functional groups, therapeutic uses, adverse effects, interactions and important exam points."
Salmeterol,NCBI PubChem,,Syllabus drug — Long-acting ?2 agonist,https://pubchem.ncbi.nlm.nih.gov/#query=Salmeterol,"Use for B.Pharm pharmacology/medicinal chemistry revision: mechanism, class, structure/functional groups, therapeutic uses, adverse effects, interactions and important exam points."
Formoterol,NCBI PubChem,,Syllabus drug — Long-acting ?2 agonist,https://pubchem.ncbi.nlm.nih.gov/#query=Formoterol,"Use for B.Pharm pharmacology/medicinal chemistry revision: mechanism, class, structure/functional groups, therapeutic uses, adverse effects, interactions and important exam points."
Propranolol,NCBI PubChem,,Syllabus drug — ? blocker,https://pubchem.ncbi.nlm.nih.gov/#query=Propranolol,"Use for B.Pharm pharmacology/medicinal chemistry revision: mechanism, class, structure/functional groups, therapeutic uses, adverse effects, interactions and important exam points."
Atenolol,NCBI PubChem,,Syllabus drug — ?1 selective blocker,https://pubchem.ncbi.nlm.nih.gov/#query=Atenolol,"Use for B.Pharm pharmacology/medicinal chemistry revision: mechanism, class, structure/functional groups, therapeutic uses, adverse effects, interactions and important exam points."
Metoprolol,NCBI PubChem,,Syllabus drug — ?1 selective blocker,https://pubchem.ncbi.nlm.nih.gov/#query=Metoprolol,"Use for B.Pharm pharmacology/medicinal chemistry revision: mechanism, class, structure/functional groups, therapeutic uses, adverse effects, interactions and important exam points."
Labetalol,NCBI PubChem,,Syllabus drug — ?/? blocker,https://pubchem.ncbi.nlm.nih.gov/#query=Labetalol,"Use for B.Pharm pharmacology/medicinal chemistry revision: mechanism, class, structure/functional groups, therapeutic uses, adverse effects, interactions and important exam points."
Carvedilol,NCBI PubChem,,Syllabus drug — ?/? blocker,https://pubchem.ncbi.nlm.nih.gov/#query=Carvedilol,"Use for B.Pharm pharmacology/medicinal chemistry revision: mechanism, class, structure/functional groups, therapeutic uses, adverse effects, interactions and important exam points."
Phenylephrine,NCBI PubChem,,Syllabus drug — ?1 agonist,https://pubchem.ncbi.nlm.nih.gov/#query=Phenylephrine,"Use for B.Pharm pharmacology/medicinal chemistry revision: mechanism, class, structure/functional groups, therapeutic uses, adverse effects, interactions and important exam points."
Clonidine,NCBI PubChem,,Syllabus drug — ?2 agonist,https://pubchem.ncbi.nlm.nih.gov/#query=Clonidine,"Use for B.Pharm pharmacology/medicinal chemistry revision: mechanism, class, structure/functional groups, therapeutic uses, adverse effects, interactions and important exam points."
Prazozin,NCBI PubChem,,Syllabus drug — ?1 blocker,https://pubchem.ncbi.nlm.nih.gov/#query=Prazozin,"Use for B.Pharm pharmacology/medicinal chemistry revision: mechanism, class, structure/functional groups, therapeutic uses, adverse effects, interactions and important exam points."
Losartan,NCBI PubChem,,Syllabus drug — ARB,https://pubchem.ncbi.nlm.nih.gov/#query=Losartan,"Use for B.Pharm pharmacology/medicinal chemistry revision: mechanism, class, structure/functional groups, therapeutic uses, adverse effects, interactions and important exam points."
Valsartan,NCBI PubChem,,Syllabus drug — ARB,https://pubchem.ncbi.nlm.nih.gov/#query=Valsartan,"Use for B.Pharm pharmacology/medicinal chemistry revision: mechanism, class, structure/functional groups, therapeutic uses, adverse effects, interactions and important exam points."
Telmisartan,NCBI PubChem,,Syllabus drug — ARB,https://pubchem.ncbi.nlm.nih.gov/#query=Telmisartan,"Use for B.Pharm pharmacology/medicinal chemistry revision: mechanism, class, structure/functional groups, therapeutic uses, adverse effects, interactions and important exam points."
Enalapril,NCBI PubChem,,Syllabus drug — ACE inhibitor,https://pubchem.ncbi.nlm.nih.gov/#query=Enalapril,"Use for B.Pharm pharmacology/medicinal chemistry revision: mechanism, class, structure/functional groups, therapeutic uses, adverse effects, interactions and important exam points."
Lisinopril,NCBI PubChem,,Syllabus drug — ACE inhibitor,https://pubchem.ncbi.nlm.nih.gov/#query=Lisinopril,"Use for B.Pharm pharmacology/medicinal chemistry revision: mechanism, class, structure/functional groups, therapeutic uses, adverse effects, interactions and important exam points."
Captopril,NCBI PubChem,,Syllabus drug — ACE inhibitor,https://pubchem.ncbi.nlm.nih.gov/#query=Captopril,"Use for B.Pharm pharmacology/medicinal chemistry revision: mechanism, class, structure/functional groups, therapeutic uses, adverse effects, interactions and important exam points."
Amlodipine,NCBI PubChem,,Syllabus drug — Calcium-channel blocker,https://pubchem.ncbi.nlm.nih.gov/#query=Amlodipine,"Use for B.Pharm pharmacology/medicinal chemistry revision: mechanism, class, structure/functional groups, therapeutic uses, adverse effects, interactions and important exam points."
Nifedipine,NCBI PubChem,,Syllabus drug — Calcium-channel blocker,https://pubchem.ncbi.nlm.nih.gov/#query=Nifedipine,"Use for B.Pharm pharmacology/medicinal chemistry revision: mechanism, class, structure/functional groups, therapeutic uses, adverse effects, interactions and important exam points."
Verapamil,NCBI PubChem,,Syllabus drug — Calcium-channel blocker,https://pubchem.ncbi.nlm.nih.gov/#query=Verapamil,"Use for B.Pharm pharmacology/medicinal chemistry revision: mechanism, class, structure/functional groups, therapeutic uses, adverse effects, interactions and important exam points."
Diltiazem,NCBI PubChem,,Syllabus drug — Calcium-channel blocker,https://pubchem.ncbi.nlm.nih.gov/#query=Diltiazem,"Use for B.Pharm pharmacology/medicinal chemistry revision: mechanism, class, structure/functional groups, therapeutic uses, adverse effects, interactions and important exam points."
Furosemide,NCBI PubChem,,Syllabus drug — Loop diuretic,https://pubchem.ncbi.nlm.nih.gov/#query=Furosemide,"Use for B.Pharm pharmacology/medicinal chemistry revision: mechanism, class, structure/functional groups, therapeutic uses, adverse effects, interactions and important exam points."
Hydrochlorothiazide,NCBI PubChem,,Syllabus drug — Thiazide diuretic,https://pubchem.ncbi.nlm.nih.gov/#query=Hydrochlorothiazide,"Use for B.Pharm pharmacology/medicinal chemistry revision: mechanism, class, structure/functional groups, therapeutic uses, adverse effects, interactions and important exam points."
Spironolactone,NCBI PubChem,,Syllabus drug — Potassium-sparing diuretic,https://pubchem.ncbi.nlm.nih.gov/#query=Spironolactone,"Use for B.Pharm pharmacology/medicinal chemistry revision: mechanism, class, structure/functional groups, therapeutic uses, adverse effects, interactions and important exam points."
Mannitol,NCBI PubChem,,Syllabus drug — Osmotic diuretic,https://pubchem.ncbi.nlm.nih.gov/#query=Mannitol,"Use for B.Pharm pharmacology/medicinal chemistry revision: mechanism, class, structure/functional groups, therapeutic uses, adverse effects, interactions and important exam points."
Digoxin,NCBI PubChem,,Syllabus drug — Cardiac glycoside,https://pubchem.ncbi.nlm.nih.gov/#query=Digoxin,"Use for B.Pharm pharmacology/medicinal chemistry revision: mechanism, class, structure/functional groups, therapeutic uses, adverse effects, interactions and important exam points."
Nitroglycerin,NCBI PubChem,,Syllabus drug — Antianginal nitrate,https://pubchem.ncbi.nlm.nih.gov/#query=Nitroglycerin,"Use for B.Pharm pharmacology/medicinal chemistry revision: mechanism, class, structure/functional groups, therapeutic uses, adverse effects, interactions and important exam points."
Isosorbide dinitrate,NCBI PubChem,,Syllabus drug — Antianginal nitrate,https://pubchem.ncbi.nlm.nih.gov/#query=Isosorbide%20dinitrate,"Use for B.Pharm pharmacology/medicinal chemistry revision: mechanism, class, structure/functional groups, therapeutic uses, adverse effects, interactions and important exam points."
Amiodarone,NCBI PubChem,,Syllabus drug — Antiarrhythmic,https://pubchem.ncbi.nlm.nih.gov/#query=Amiodarone,"Use for B.Pharm pharmacology/medicinal chemistry revision: mechanism, class, structure/functional groups, therapeutic uses, adverse effects, interactions and important exam points."
Lidocaine,NCBI PubChem,,Syllabus drug — Local anesthetic / antiarrhythmic,https://pubchem.ncbi.nlm.nih.gov/#query=Lidocaine,"Use for B.Pharm pharmacology/medicinal chemistry revision: mechanism, class, structure/functional groups, therapeutic uses, adverse effects, interactions and important exam points."
Atorvastatin,NCBI PubChem,,Syllabus drug — Statin,https://pubchem.ncbi.nlm.nih.gov/#query=Atorvastatin,"Use for B.Pharm pharmacology/medicinal chemistry revision: mechanism, class, structure/functional groups, therapeutic uses, adverse effects, interactions and important exam points."
Rosuvastatin,NCBI PubChem,,Syllabus drug — Statin,https://pubchem.ncbi.nlm.nih.gov/#query=Rosuvastatin,"Use for B.Pharm pharmacology/medicinal chemistry revision: mechanism, class, structure/functional groups, therapeutic uses, adverse effects, interactions and important exam points."
Simvastatin,NCBI PubChem,,Syllabus drug — Statin,https://pubchem.ncbi.nlm.nih.gov/#query=Simvastatin,"Use for B.Pharm pharmacology/medicinal chemistry revision: mechanism, class, structure/functional groups, therapeutic uses, adverse effects, interactions and important exam points."
Warfarin,NCBI PubChem,,Syllabus drug — Anticoagulant,https://pubchem.ncbi.nlm.nih.gov/#query=Warfarin,"Use for B.Pharm pharmacology/medicinal chemistry revision: mechanism, class, structure/functional groups, therapeutic uses, adverse effects, interactions and important exam points."
Heparin,NCBI PubChem,,Syllabus drug — Anticoagulant,https://pubchem.ncbi.nlm.nih.gov/#query=Heparin,"Use for B.Pharm pharmacology/medicinal chemistry revision: mechanism, class, structure/functional groups, therapeutic uses, adverse effects, interactions and important exam points."
Clopidogrel,NCBI PubChem,,Syllabus drug — Antiplatelet,https://pubchem.ncbi.nlm.nih.gov/#query=Clopidogrel,"Use for B.Pharm pharmacology/medicinal chemistry revision: mechanism, class, structure/functional groups, therapeutic uses, adverse effects, interactions and important exam points."
Enoxaparin,NCBI PubChem,,Syllabus drug — LMWH anticoagulant,https://pubchem.ncbi.nlm.nih.gov/#query=Enoxaparin,"Use for B.Pharm pharmacology/medicinal chemistry revision: mechanism, class, structure/functional groups, therapeutic uses, adverse effects, interactions and important exam points."
Omeprazole,NCBI PubChem,,Syllabus drug — Proton-pump inhibitor,https://pubchem.ncbi.nlm.nih.gov/#query=Omeprazole,"Use for B.Pharm pharmacology/medicinal chemistry revision: mechanism, class, structure/functional groups, therapeutic uses, adverse effects, interactions and important exam points."
Pantoprazole,NCBI PubChem,,Syllabus drug — Proton-pump inhibitor,https://pubchem.ncbi.nlm.nih.gov/#query=Pantoprazole,"Use for B.Pharm pharmacology/medicinal chemistry revision: mechanism, class, structure/functional groups, therapeutic uses, adverse effects, interactions and important exam points."
Famotidine,NCBI PubChem,,Syllabus drug — H2 blocker,https://pubchem.ncbi.nlm.nih.gov/#query=Famotidine,"Use for B.Pharm pharmacology/medicinal chemistry revision: mechanism, class, structure/functional groups, therapeutic uses, adverse effects, interactions and important exam points."
Metoclopramide,NCBI PubChem,,Syllabus drug — Antiemetic / prokinetic,https://pubchem.ncbi.nlm.nih.gov/#query=Metoclopramide,"Use for B.Pharm pharmacology/medicinal chemistry revision: mechanism, class, structure/functional groups, therapeutic uses, adverse effects, interactions and important exam points."
Ondansetron,NCBI PubChem,,Syllabus drug — 5-HT3 antagonist,https://pubchem.ncbi.nlm.nih.gov/#query=Ondansetron,"Use for B.Pharm pharmacology/medicinal chemistry revision: mechanism, class, structure/functional groups, therapeutic uses, adverse effects, interactions and important exam points."
Domperidone,NCBI PubChem,,Syllabus drug — Prokinetic / antiemetic,https://pubchem.ncbi.nlm.nih.gov/#query=Domperidone,"Use for B.Pharm pharmacology/medicinal chemistry revision: mechanism, class, structure/functional groups, therapeutic uses, adverse effects, interactions and important exam points."
Loperamide,NCBI PubChem,,Syllabus drug — Antidiarrheal,https://pubchem.ncbi.nlm.nih.gov/#query=Loperamide,"Use for B.Pharm pharmacology/medicinal chemistry revision: mechanism, class, structure/functional groups, therapeutic uses, adverse effects, interactions and important exam points."
Lactulose,NCBI PubChem,,Syllabus drug — Osmotic laxative,https://pubchem.ncbi.nlm.nih.gov/#query=Lactulose,"Use for B.Pharm pharmacology/medicinal chemistry revision: mechanism, class, structure/functional groups, therapeutic uses, adverse effects, interactions and important exam points."
Bisacodyl,NCBI PubChem,,Syllabus drug — Stimulant laxative,https://pubchem.ncbi.nlm.nih.gov/#query=Bisacodyl,"Use for B.Pharm pharmacology/medicinal chemistry revision: mechanism, class, structure/functional groups, therapeutic uses, adverse effects, interactions and important exam points."
Mesalamine,NCBI PubChem,,Syllabus drug — 5-ASA anti-inflammatory,https://pubchem.ncbi.nlm.nih.gov/#query=Mesalamine,"Use for B.Pharm pharmacology/medicinal chemistry revision: mechanism, class, structure/functional groups, therapeutic uses, adverse effects, interactions and important exam points."
Prednisolone,NCBI PubChem,,Syllabus drug — Glucocorticoid,https://pubchem.ncbi.nlm.nih.gov/#query=Prednisolone,"Use for B.Pharm pharmacology/medicinal chemistry revision: mechanism, class, structure/functional groups, therapeutic uses, adverse effects, interactions and important exam points."
Hydrocortisone,NCBI PubChem,,Syllabus drug — Glucocorticoid,https://pubchem.ncbi.nlm.nih.gov/#query=Hydrocortisone,"Use for B.Pharm pharmacology/medicinal chemistry revision: mechanism, class, structure/functional groups, therapeutic uses, adverse effects, interactions and important exam points."
Dexamethasone,NCBI PubChem,,Syllabus drug — Glucocorticoid,https://pubchem.ncbi.nlm.nih.gov/#query=Dexamethasone,"Use for B.Pharm pharmacology/medicinal chemistry revision: mechanism, class, structure/functional groups, therapeutic uses, adverse effects, interactions and important exam points."
Budesonide,NCBI PubChem,,Syllabus drug — Glucocorticoid,https://pubchem.ncbi.nlm.nih.gov/#query=Budesonide,"Use for B.Pharm pharmacology/medicinal chemistry revision: mechanism, class, structure/functional groups, therapeutic uses, adverse effects, interactions and important exam points."
Insulin,NCBI PubChem,,Syllabus drug — Antidiabetic hormone,https://pubchem.ncbi.nlm.nih.gov/#query=Insulin,"Use for B.Pharm pharmacology/medicinal chemistry revision: mechanism, class, structure/functional groups, therapeutic uses, adverse effects, interactions and important exam points."
Metformin,NCBI PubChem,,Syllabus drug — Biguanide antidiabetic,https://pubchem.ncbi.nlm.nih.gov/#query=Metformin,"Use for B.Pharm pharmacology/medicinal chemistry revision: mechanism, class, structure/functional groups, therapeutic uses, adverse effects, interactions and important exam points."
Glimepiride,NCBI PubChem,,Syllabus drug — Sulfonylurea,https://pubchem.ncbi.nlm.nih.gov/#query=Glimepiride,"Use for B.Pharm pharmacology/medicinal chemistry revision: mechanism, class, structure/functional groups, therapeutic uses, adverse effects, interactions and important exam points."
Glibenclamide,NCBI PubChem,,Syllabus drug — Sulfonylurea,https://pubchem.ncbi.nlm.nih.gov/#query=Glibenclamide,"Use for B.Pharm pharmacology/medicinal chemistry revision: mechanism, class, structure/functional groups, therapeutic uses, adverse effects, interactions and important exam points."
Sitagliptin,NCBI PubChem,,Syllabus drug — DPP-4 inhibitor,https://pubchem.ncbi.nlm.nih.gov/#query=Sitagliptin,"Use for B.Pharm pharmacology/medicinal chemistry revision: mechanism, class, structure/functional groups, therapeutic uses, adverse effects, interactions and important exam points."
Empagliflozin,NCBI PubChem,,Syllabus drug — SGLT2 inhibitor,https://pubchem.ncbi.nlm.nih.gov/#query=Empagliflozin,"Use for B.Pharm pharmacology/medicinal chemistry revision: mechanism, class, structure/functional groups, therapeutic uses, adverse effects, interactions and important exam points."
Pioglitazone,NCBI PubChem,,Syllabus drug — Thiazolidinedione,https://pubchem.ncbi.nlm.nih.gov/#query=Pioglitazone,"Use for B.Pharm pharmacology/medicinal chemistry revision: mechanism, class, structure/functional groups, therapeutic uses, adverse effects, interactions and important exam points."
Levothyroxine,NCBI PubChem,,Syllabus drug — Thyroid hormone,https://pubchem.ncbi.nlm.nih.gov/#query=Levothyroxine,"Use for B.Pharm pharmacology/medicinal chemistry revision: mechanism, class, structure/functional groups, therapeutic uses, adverse effects, interactions and important exam points."
Carbimazole,NCBI PubChem,,Syllabus drug — Antithyroid drug,https://pubchem.ncbi.nlm.nih.gov/#query=Carbimazole,"Use for B.Pharm pharmacology/medicinal chemistry revision: mechanism, class, structure/functional groups, therapeutic uses, adverse effects, interactions and important exam points."
Propylthiouracil,NCBI PubChem,,Syllabus drug — Antithyroid drug,https://pubchem.ncbi.nlm.nih.gov/#query=Propylthiouracil,"Use for B.Pharm pharmacology/medicinal chemistry revision: mechanism, class, structure/functional groups, therapeutic uses, adverse effects, interactions and important exam points."
Hydroxychloroquine,NCBI PubChem,,Syllabus drug — Antimalarial / DMARD,https://pubchem.ncbi.nlm.nih.gov/#query=Hydroxychloroquine,"Use for B.Pharm pharmacology/medicinal chemistry revision: mechanism, class, structure/functional groups, therapeutic uses, adverse effects, interactions and important exam points."
Chloroquine,NCBI PubChem,,Syllabus drug — Antimalarial,https://pubchem.ncbi.nlm.nih.gov/#query=Chloroquine,"Use for B.Pharm pharmacology/medicinal chemistry revision: mechanism, class, structure/functional groups, therapeutic uses, adverse effects, interactions and important exam points."
Artemether,NCBI PubChem,,Syllabus drug — Antimalarial,https://pubchem.ncbi.nlm.nih.gov/#query=Artemether,"Use for B.Pharm pharmacology/medicinal chemistry revision: mechanism, class, structure/functional groups, therapeutic uses, adverse effects, interactions and important exam points."
Lumefantrine,NCBI PubChem,,Syllabus drug — Antimalarial,https://pubchem.ncbi.nlm.nih.gov/#query=Lumefantrine,"Use for B.Pharm pharmacology/medicinal chemistry revision: mechanism, class, structure/functional groups, therapeutic uses, adverse effects, interactions and important exam points."
Primaquine,NCBI PubChem,,Syllabus drug — Antimalarial,https://pubchem.ncbi.nlm.nih.gov/#query=Primaquine,"Use for B.Pharm pharmacology/medicinal chemistry revision: mechanism, class, structure/functional groups, therapeutic uses, adverse effects, interactions and important exam points."
Artemisinin,NCBI PubChem,,Syllabus drug — Antimalarial,https://pubchem.ncbi.nlm.nih.gov/#query=Artemisinin,"Use for B.Pharm pharmacology/medicinal chemistry revision: mechanism, class, structure/functional groups, therapeutic uses, adverse effects, interactions and important exam points."
Albendazole,NCBI PubChem,,Syllabus drug — Anthelmintic,https://pubchem.ncbi.nlm.nih.gov/#query=Albendazole,"Use for B.Pharm pharmacology/medicinal chemistry revision: mechanism, class, structure/functional groups, therapeutic uses, adverse effects, interactions and important exam points."
Mebendazole,NCBI PubChem,,Syllabus drug — Anthelmintic,https://pubchem.ncbi.nlm.nih.gov/#query=Mebendazole,"Use for B.Pharm pharmacology/medicinal chemistry revision: mechanism, class, structure/functional groups, therapeutic uses, adverse effects, interactions and important exam points."
Ivermectin,NCBI PubChem,,Syllabus drug — Antiparasitic,https://pubchem.ncbi.nlm.nih.gov/#query=Ivermectin,"Use for B.Pharm pharmacology/medicinal chemistry revision: mechanism, class, structure/functional groups, therapeutic uses, adverse effects, interactions and important exam points."
Praziquantel,NCBI PubChem,,Syllabus drug — Anthelmintic,https://pubchem.ncbi.nlm.nih.gov/#query=Praziquantel,"Use for B.Pharm pharmacology/medicinal chemistry revision: mechanism, class, structure/functional groups, therapeutic uses, adverse effects, interactions and important exam points."
Penicillin G,NCBI PubChem,,Syllabus drug — ?-lactam antibiotic,https://pubchem.ncbi.nlm.nih.gov/#query=Penicillin%20G,"Use for B.Pharm pharmacology/medicinal chemistry revision: mechanism, class, structure/functional groups, therapeutic uses, adverse effects, interactions and important exam points."
Amoxicillin,NCBI PubChem,,Syllabus drug — ?-lactam antibiotic,https://pubchem.ncbi.nlm.nih.gov/#query=Amoxicillin,"Use for B.Pharm pharmacology/medicinal chemistry revision: mechanism, class, structure/functional groups, therapeutic uses, adverse effects, interactions and important exam points."
Ampicillin,NCBI PubChem,,Syllabus drug — ?-lactam antibiotic,https://pubchem.ncbi.nlm.nih.gov/#query=Ampicillin,"Use for B.Pharm pharmacology/medicinal chemistry revision: mechanism, class, structure/functional groups, therapeutic uses, adverse effects, interactions and important exam points."
Cloxacillin,NCBI PubChem,,Syllabus drug — ?-lactam antibiotic,https://pubchem.ncbi.nlm.nih.gov/#query=Cloxacillin,"Use for B.Pharm pharmacology/medicinal chemistry revision: mechanism, class, structure/functional groups, therapeutic uses, adverse effects, interactions and important exam points."
Cephalexin,NCBI PubChem,,Syllabus drug — Cephalosporin,https://pubchem.ncbi.nlm.nih.gov/#query=Cephalexin,"Use for B.Pharm pharmacology/medicinal chemistry revision: mechanism, class, structure/functional groups, therapeutic uses, adverse effects, interactions and important exam points."
Ceftriaxone,NCBI PubChem,,Syllabus drug — Cephalosporin,https://pubchem.ncbi.nlm.nih.gov/#query=Ceftriaxone,"Use for B.Pharm pharmacology/medicinal chemistry revision: mechanism, class, structure/functional groups, therapeutic uses, adverse effects, interactions and important exam points."
Cefotaxime,NCBI PubChem,,Syllabus drug — Cephalosporin,https://pubchem.ncbi.nlm.nih.gov/#query=Cefotaxime,"Use for B.Pharm pharmacology/medicinal chemistry revision: mechanism, class, structure/functional groups, therapeutic uses, adverse effects, interactions and important exam points."
Cefixime,NCBI PubChem,,Syllabus drug — Cephalosporin,https://pubchem.ncbi.nlm.nih.gov/#query=Cefixime,"Use for B.Pharm pharmacology/medicinal chemistry revision: mechanism, class, structure/functional groups, therapeutic uses, adverse effects, interactions and important exam points."
Azithromycin,NCBI PubChem,,Syllabus drug — Macrolide antibiotic,https://pubchem.ncbi.nlm.nih.gov/#query=Azithromycin,"Use for B.Pharm pharmacology/medicinal chemistry revision: mechanism, class, structure/functional groups, therapeutic uses, adverse effects, interactions and important exam points."
Erythromycin,NCBI PubChem,,Syllabus drug — Macrolide antibiotic,https://pubchem.ncbi.nlm.nih.gov/#query=Erythromycin,"Use for B.Pharm pharmacology/medicinal chemistry revision: mechanism, class, structure/functional groups, therapeutic uses, adverse effects, interactions and important exam points."
Clarithromycin,NCBI PubChem,,Syllabus drug — Macrolide antibiotic,https://pubchem.ncbi.nlm.nih.gov/#query=Clarithromycin,"Use for B.Pharm pharmacology/medicinal chemistry revision: mechanism, class, structure/functional groups, therapeutic uses, adverse effects, interactions and important exam points."
Doxycycline,NCBI PubChem,,Syllabus drug — Tetracycline antibiotic,https://pubchem.ncbi.nlm.nih.gov/#query=Doxycycline,"Use for B.Pharm pharmacology/medicinal chemistry revision: mechanism, class, structure/functional groups, therapeutic uses, adverse effects, interactions and important exam points."
Tetracycline,NCBI PubChem,,Syllabus drug — Tetracycline antibiotic,https://pubchem.ncbi.nlm.nih.gov/#query=Tetracycline,"Use for B.Pharm pharmacology/medicinal chemistry revision: mechanism, class, structure/functional groups, therapeutic uses, adverse effects, interactions and important exam points."
Gentamicin,NCBI PubChem,,Syllabus drug — Aminoglycoside antibiotic,https://pubchem.ncbi.nlm.nih.gov/#query=Gentamicin,"Use for B.Pharm pharmacology/medicinal chemistry revision: mechanism, class, structure/functional groups, therapeutic uses, adverse effects, interactions and important exam points."
Amikacin,NCBI PubChem,,Syllabus drug — Aminoglycoside antibiotic,https://pubchem.ncbi.nlm.nih.gov/#query=Amikacin,"Use for B.Pharm pharmacology/medicinal chemistry revision: mechanism, class, structure/functional groups, therapeutic uses, adverse effects, interactions and important exam points."
Streptomycin,NCBI PubChem,,Syllabus drug — Aminoglycoside antibiotic,https://pubchem.ncbi.nlm.nih.gov/#query=Streptomycin,"Use for B.Pharm pharmacology/medicinal chemistry revision: mechanism, class, structure/functional groups, therapeutic uses, adverse effects, interactions and important exam points."
Ciprofloxacin,NCBI PubChem,,Syllabus drug — Fluoroquinolone,https://pubchem.ncbi.nlm.nih.gov/#query=Ciprofloxacin,"Use for B.Pharm pharmacology/medicinal chemistry revision: mechanism, class, structure/functional groups, therapeutic uses, adverse effects, interactions and important exam points."
Levofloxacin,NCBI PubChem,,Syllabus drug — Fluoroquinolone,https://pubchem.ncbi.nlm.nih.gov/#query=Levofloxacin,"Use for B.Pharm pharmacology/medicinal chemistry revision: mechanism, class, structure/functional groups, therapeutic uses, adverse effects, interactions and important exam points."
Ofloxacin,NCBI PubChem,,Syllabus drug — Fluoroquinolone,https://pubchem.ncbi.nlm.nih.gov/#query=Ofloxacin,"Use for B.Pharm pharmacology/medicinal chemistry revision: mechanism, class, structure/functional groups, therapeutic uses, adverse effects, interactions and important exam points."
Metronidazole,NCBI PubChem,,Syllabus drug — Nitroimidazole antimicrobial,https://pubchem.ncbi.nlm.nih.gov/#query=Metronidazole,"Use for B.Pharm pharmacology/medicinal chemistry revision: mechanism, class, structure/functional groups, therapeutic uses, adverse effects, interactions and important exam points."
Linezolid,NCBI PubChem,,Syllabus drug — Oxazolidinone antibiotic,https://pubchem.ncbi.nlm.nih.gov/#query=Linezolid,"Use for B.Pharm pharmacology/medicinal chemistry revision: mechanism, class, structure/functional groups, therapeutic uses, adverse effects, interactions and important exam points."
Vancomycin,NCBI PubChem,,Syllabus drug — Glycopeptide antibiotic,https://pubchem.ncbi.nlm.nih.gov/#query=Vancomycin,"Use for B.Pharm pharmacology/medicinal chemistry revision: mechanism, class, structure/functional groups, therapeutic uses, adverse effects, interactions and important exam points."
Rifampicin,NCBI PubChem,,Syllabus drug — Antitubercular,https://pubchem.ncbi.nlm.nih.gov/#query=Rifampicin,"Use for B.Pharm pharmacology/medicinal chemistry revision: mechanism, class, structure/functional groups, therapeutic uses, adverse effects, interactions and important exam points."
Isoniazid,NCBI PubChem,,Syllabus drug — Antitubercular,https://pubchem.ncbi.nlm.nih.gov/#query=Isoniazid,"Use for B.Pharm pharmacology/medicinal chemistry revision: mechanism, class, structure/functional groups, therapeutic uses, adverse effects, interactions and important exam points."
Pyrazinamide,NCBI PubChem,,Syllabus drug — Antitubercular,https://pubchem.ncbi.nlm.nih.gov/#query=Pyrazinamide,"Use for B.Pharm pharmacology/medicinal chemistry revision: mechanism, class, structure/functional groups, therapeutic uses, adverse effects, interactions and important exam points."
Ethambutol,NCBI PubChem,,Syllabus drug — Antitubercular,https://pubchem.ncbi.nlm.nih.gov/#query=Ethambutol,"Use for B.Pharm pharmacology/medicinal chemistry revision: mechanism, class, structure/functional groups, therapeutic uses, adverse effects, interactions and important exam points."
Rifabutin,NCBI PubChem,,Syllabus drug — Antitubercular,https://pubchem.ncbi.nlm.nih.gov/#query=Rifabutin,"Use for B.Pharm pharmacology/medicinal chemistry revision: mechanism, class, structure/functional groups, therapeutic uses, adverse effects, interactions and important exam points."
Acyclovir,NCBI PubChem,,Syllabus drug — Antiviral,https://pubchem.ncbi.nlm.nih.gov/#query=Acyclovir,"Use for B.Pharm pharmacology/medicinal chemistry revision: mechanism, class, structure/functional groups, therapeutic uses, adverse effects, interactions and important exam points."
Valacyclovir,NCBI PubChem,,Syllabus drug — Antiviral,https://pubchem.ncbi.nlm.nih.gov/#query=Valacyclovir,"Use for B.Pharm pharmacology/medicinal chemistry revision: mechanism, class, structure/functional groups, therapeutic uses, adverse effects, interactions and important exam points."
Oseltamivir,NCBI PubChem,,Syllabus drug — Antiviral,https://pubchem.ncbi.nlm.nih.gov/#query=Oseltamivir,"Use for B.Pharm pharmacology/medicinal chemistry revision: mechanism, class, structure/functional groups, therapeutic uses, adverse effects, interactions and important exam points."
Remdesivir,NCBI PubChem,,Syllabus drug — Antiviral,https://pubchem.ncbi.nlm.nih.gov/#query=Remdesivir,"Use for B.Pharm pharmacology/medicinal chemistry revision: mechanism, class, structure/functional groups, therapeutic uses, adverse effects, interactions and important exam points."
Ribavirin,NCBI PubChem,,Syllabus drug — Antiviral,https://pubchem.ncbi.nlm.nih.gov/#query=Ribavirin,"Use for B.Pharm pharmacology/medicinal chemistry revision: mechanism, class, structure/functional groups, therapeutic uses, adverse effects, interactions and important exam points."
Fluconazole,NCBI PubChem,,Syllabus drug — Antifungal,https://pubchem.ncbi.nlm.nih.gov/#query=Fluconazole,"Use for B.Pharm pharmacology/medicinal chemistry revision: mechanism, class, structure/functional groups, therapeutic uses, adverse effects, interactions and important exam points."
Ketoconazole,NCBI PubChem,,Syllabus drug — Antifungal,https://pubchem.ncbi.nlm.nih.gov/#query=Ketoconazole,"Use for B.Pharm pharmacology/medicinal chemistry revision: mechanism, class, structure/functional groups, therapeutic uses, adverse effects, interactions and important exam points."
Amphotericin B,NCBI PubChem,,Syllabus drug — Antifungal,https://pubchem.ncbi.nlm.nih.gov/#query=Amphotericin%20B,"Use for B.Pharm pharmacology/medicinal chemistry revision: mechanism, class, structure/functional groups, therapeutic uses, adverse effects, interactions and important exam points."
Terbinafine,NCBI PubChem,,Syllabus drug — Antifungal,https://pubchem.ncbi.nlm.nih.gov/#query=Terbinafine,"Use for B.Pharm pharmacology/medicinal chemistry revision: mechanism, class, structure/functional groups, therapeutic uses, adverse effects, interactions and important exam points."
Clotrimazole,NCBI PubChem,,Syllabus drug — Antifungal,https://pubchem.ncbi.nlm.nih.gov/#query=Clotrimazole,"Use for B.Pharm pharmacology/medicinal chemistry revision: mechanism, class, structure/functional groups, therapeutic uses, adverse effects, interactions and important exam points."
Methotrexate,NCBI PubChem,,Syllabus drug — Anticancer / DMARD,https://pubchem.ncbi.nlm.nih.gov/#query=Methotrexate,"Use for B.Pharm pharmacology/medicinal chemistry revision: mechanism, class, structure/functional groups, therapeutic uses, adverse effects, interactions and important exam points."
5-Fluorouracil,NCBI PubChem,,Syllabus drug — Antimetabolite anticancer,https://pubchem.ncbi.nlm.nih.gov/#query=5-Fluorouracil,"Use for B.Pharm pharmacology/medicinal chemistry revision: mechanism, class, structure/functional groups, therapeutic uses, adverse effects, interactions and important exam points."
Vincristine,NCBI PubChem,,Syllabus drug — Vinca alkaloid,https://pubchem.ncbi.nlm.nih.gov/#query=Vincristine,"Use for B.Pharm pharmacology/medicinal chemistry revision: mechanism, class, structure/functional groups, therapeutic uses, adverse effects, interactions and important exam points."
Vinblastine,NCBI PubChem,,Syllabus drug — Vinca alkaloid,https://pubchem.ncbi.nlm.nih.gov/#query=Vinblastine,"Use for B.Pharm pharmacology/medicinal chemistry revision: mechanism, class, structure/functional groups, therapeutic uses, adverse effects, interactions and important exam points."
Cyclophosphamide,NCBI PubChem,,Syllabus drug — Alkylating anticancer,https://pubchem.ncbi.nlm.nih.gov/#query=Cyclophosphamide,"Use for B.Pharm pharmacology/medicinal chemistry revision: mechanism, class, structure/functional groups, therapeutic uses, adverse effects, interactions and important exam points."
Cisplatin,NCBI PubChem,,Syllabus drug — Platinum anticancer,https://pubchem.ncbi.nlm.nih.gov/#query=Cisplatin,"Use for B.Pharm pharmacology/medicinal chemistry revision: mechanism, class, structure/functional groups, therapeutic uses, adverse effects, interactions and important exam points."
Doxorubicin,NCBI PubChem,,Syllabus drug — Anthracycline anticancer,https://pubchem.ncbi.nlm.nih.gov/#query=Doxorubicin,"Use for B.Pharm pharmacology/medicinal chemistry revision: mechanism, class, structure/functional groups, therapeutic uses, adverse effects, interactions and important exam points."
Tamoxifen,NCBI PubChem,,Syllabus drug — SERM,https://pubchem.ncbi.nlm.nih.gov/#query=Tamoxifen,"Use for B.Pharm pharmacology/medicinal chemistry revision: mechanism, class, structure/functional groups, therapeutic uses, adverse effects, interactions and important exam points."
Anastrozole,NCBI PubChem,,Syllabus drug — Aromatase inhibitor,https://pubchem.ncbi.nlm.nih.gov/#query=Anastrozole,"Use for B.Pharm pharmacology/medicinal chemistry revision: mechanism, class, structure/functional groups, therapeutic uses, adverse effects, interactions and important exam points."
Diazepam,NCBI PubChem,,Syllabus drug — Benzodiazepine,https://pubchem.ncbi.nlm.nih.gov/#query=Diazepam,"Use for B.Pharm pharmacology/medicinal chemistry revision: mechanism, class, structure/functional groups, therapeutic uses, adverse effects, interactions and important exam points."
Lorazepam,NCBI PubChem,,Syllabus drug — Benzodiazepine,https://pubchem.ncbi.nlm.nih.gov/#query=Lorazepam,"Use for B.Pharm pharmacology/medicinal chemistry revision: mechanism, class, structure/functional groups, therapeutic uses, adverse effects, interactions and important exam points."
Alprazolam,NCBI PubChem,,Syllabus drug — Benzodiazepine,https://pubchem.ncbi.nlm.nih.gov/#query=Alprazolam,"Use for B.Pharm pharmacology/medicinal chemistry revision: mechanism, class, structure/functional groups, therapeutic uses, adverse effects, interactions and important exam points."
Midazolam,NCBI PubChem,,Syllabus drug — Benzodiazepine,https://pubchem.ncbi.nlm.nih.gov/#query=Midazolam,"Use for B.Pharm pharmacology/medicinal chemistry revision: mechanism, class, structure/functional groups, therapeutic uses, adverse effects, interactions and important exam points."
Phenytoin,NCBI PubChem,,Syllabus drug — Antiepileptic,https://pubchem.ncbi.nlm.nih.gov/#query=Phenytoin,"Use for B.Pharm pharmacology/medicinal chemistry revision: mechanism, class, structure/functional groups, therapeutic uses, adverse effects, interactions and important exam points."
Carbamazepine,NCBI PubChem,,Syllabus drug — Antiepileptic,https://pubchem.ncbi.nlm.nih.gov/#query=Carbamazepine,"Use for B.Pharm pharmacology/medicinal chemistry revision: mechanism, class, structure/functional groups, therapeutic uses, adverse effects, interactions and important exam points."
Sodium valproate,NCBI PubChem,,Syllabus drug — Antiepileptic,https://pubchem.ncbi.nlm.nih.gov/#query=Sodium%20valproate,"Use for B.Pharm pharmacology/medicinal chemistry revision: mechanism, class, structure/functional groups, therapeutic uses, adverse effects, interactions and important exam points."
Levetiracetam,NCBI PubChem,,Syllabus drug — Antiepileptic,https://pubchem.ncbi.nlm.nih.gov/#query=Levetiracetam,"Use for B.Pharm pharmacology/medicinal chemistry revision: mechanism, class, structure/functional groups, therapeutic uses, adverse effects, interactions and important exam points."
Phenobarbital,NCBI PubChem,,Syllabus drug — Barbiturate antiepileptic,https://pubchem.ncbi.nlm.nih.gov/#query=Phenobarbital,"Use for B.Pharm pharmacology/medicinal chemistry revision: mechanism, class, structure/functional groups, therapeutic uses, adverse effects, interactions and important exam points."
Fluoxetine,NCBI PubChem,,Syllabus drug — SSRI,https://pubchem.ncbi.nlm.nih.gov/#query=Fluoxetine,"Use for B.Pharm pharmacology/medicinal chemistry revision: mechanism, class, structure/functional groups, therapeutic uses, adverse effects, interactions and important exam points."
Sertraline,NCBI PubChem,,Syllabus drug — SSRI,https://pubchem.ncbi.nlm.nih.gov/#query=Sertraline,"Use for B.Pharm pharmacology/medicinal chemistry revision: mechanism, class, structure/functional groups, therapeutic uses, adverse effects, interactions and important exam points."
Amitriptyline,NCBI PubChem,,Syllabus drug — Tricyclic antidepressant,https://pubchem.ncbi.nlm.nih.gov/#query=Amitriptyline,"Use for B.Pharm pharmacology/medicinal chemistry revision: mechanism, class, structure/functional groups, therapeutic uses, adverse effects, interactions and important exam points."
Haloperidol,NCBI PubChem,,Syllabus drug — Antipsychotic,https://pubchem.ncbi.nlm.nih.gov/#query=Haloperidol,"Use for B.Pharm pharmacology/medicinal chemistry revision: mechanism, class, structure/functional groups, therapeutic uses, adverse effects, interactions and important exam points."
Chlorpromazine,NCBI PubChem,,Syllabus drug — Antipsychotic,https://pubchem.ncbi.nlm.nih.gov/#query=Chlorpromazine,"Use for B.Pharm pharmacology/medicinal chemistry revision: mechanism, class, structure/functional groups, therapeutic uses, adverse effects, interactions and important exam points."
Risperidone,NCBI PubChem,,Syllabus drug — Atypical antipsychotic,https://pubchem.ncbi.nlm.nih.gov/#query=Risperidone,"Use for B.Pharm pharmacology/medicinal chemistry revision: mechanism, class, structure/functional groups, therapeutic uses, adverse effects, interactions and important exam points."
Olanzapine,NCBI PubChem,,Syllabus drug — Atypical antipsychotic,https://pubchem.ncbi.nlm.nih.gov/#query=Olanzapine,"Use for B.Pharm pharmacology/medicinal chemistry revision: mechanism, class, structure/functional groups, therapeutic uses, adverse effects, interactions and important exam points."
Cetirizine,NCBI PubChem,,Syllabus drug — Antihistamine,https://pubchem.ncbi.nlm.nih.gov/#query=Cetirizine,"Use for B.Pharm pharmacology/medicinal chemistry revision: mechanism, class, structure/functional groups, therapeutic uses, adverse effects, interactions and important exam points."
Loratadine,NCBI PubChem,,Syllabus drug — Antihistamine,https://pubchem.ncbi.nlm.nih.gov/#query=Loratadine,"Use for B.Pharm pharmacology/medicinal chemistry revision: mechanism, class, structure/functional groups, therapeutic uses, adverse effects, interactions and important exam points."
Chlorpheniramine,NCBI PubChem,,Syllabus drug — Antihistamine,https://pubchem.ncbi.nlm.nih.gov/#query=Chlorpheniramine,"Use for B.Pharm pharmacology/medicinal chemistry revision: mechanism, class, structure/functional groups, therapeutic uses, adverse effects, interactions and important exam points."
Diphenhydramine,NCBI PubChem,,Syllabus drug — Antihistamine,https://pubchem.ncbi.nlm.nih.gov/#query=Diphenhydramine,"Use for B.Pharm pharmacology/medicinal chemistry revision: mechanism, class, structure/functional groups, therapeutic uses, adverse effects, interactions and important exam points."
Montelukast,NCBI PubChem,,Syllabus drug — Leukotriene receptor antagonist,https://pubchem.ncbi.nlm.nih.gov/#query=Montelukast,"Use for B.Pharm pharmacology/medicinal chemistry revision: mechanism, class, structure/functional groups, therapeutic uses, adverse effects, interactions and important exam points."
Theophylline,NCBI PubChem,,Syllabus drug — Methylxanthine bronchodilator,https://pubchem.ncbi.nlm.nih.gov/#query=Theophylline,"Use for B.Pharm pharmacology/medicinal chemistry revision: mechanism, class, structure/functional groups, therapeutic uses, adverse effects, interactions and important exam points."
Ferrous sulfate,NCBI PubChem,,Syllabus drug — Iron preparation,https://pubchem.ncbi.nlm.nih.gov/#query=Ferrous%20sulfate,"Use for B.Pharm pharmacology/medicinal chemistry revision: mechanism, class, structure/functional groups, therapeutic uses, adverse effects, interactions and important exam points."
Folic acid,NCBI PubChem,,Syllabus drug — Vitamin B9,https://pubchem.ncbi.nlm.nih.gov/#query=Folic%20acid,"Use for B.Pharm pharmacology/medicinal chemistry revision: mechanism, class, structure/functional groups, therapeutic uses, adverse effects, interactions and important exam points."
Cyanocobalamin,NCBI PubChem,,Syllabus drug — Vitamin B12,https://pubchem.ncbi.nlm.nih.gov/#query=Cyanocobalamin,"Use for B.Pharm pharmacology/medicinal chemistry revision: mechanism, class, structure/functional groups, therapeutic uses, adverse effects, interactions and important exam points."
Thiamine,NCBI PubChem,,Syllabus drug — Vitamin B1,https://pubchem.ncbi.nlm.nih.gov/#query=Thiamine,"Use for B.Pharm pharmacology/medicinal chemistry revision: mechanism, class, structure/functional groups, therapeutic uses, adverse effects, interactions and important exam points."
Pyridoxine,NCBI PubChem,,Syllabus drug — Vitamin B6,https://pubchem.ncbi.nlm.nih.gov/#query=Pyridoxine,"Use for B.Pharm pharmacology/medicinal chemistry revision: mechanism, class, structure/functional groups, therapeutic uses, adverse effects, interactions and important exam points."
Ascorbic acid,NCBI PubChem,,Syllabus drug — Vitamin C,https://pubchem.ncbi.nlm.nih.gov/#query=Ascorbic%20acid,"Use for B.Pharm pharmacology/medicinal chemistry revision: mechanism, class, structure/functional groups, therapeutic uses, adverse effects, interactions and important exam points."
Vitamin D3 (Cholecalciferol),NCBI PubChem,,Syllabus drug — Vitamin D,https://pubchem.ncbi.nlm.nih.gov/#query=Vitamin%20D3%20(Cholecalciferol),"Use for B.Pharm pharmacology/medicinal chemistry revision: mechanism, class, structure/functional groups, therapeutic uses, adverse effects, interactions and important exam points."
Calcium carbonate,NCBI PubChem,,Syllabus drug — Calcium supplement / antacid,https://pubchem.ncbi.nlm.nih.gov/#query=Calcium%20carbonate,"Use for B.Pharm pharmacology/medicinal chemistry revision: mechanism, class, structure/functional groups, therapeutic uses, adverse effects, interactions and important exam points."
Aluminium hydroxide,NCBI PubChem,,Syllabus drug — Antacid,https://pubchem.ncbi.nlm.nih.gov/#query=Aluminium%20hydroxide,"Use for B.Pharm pharmacology/medicinal chemistry revision: mechanism, class, structure/functional groups, therapeutic uses, adverse effects, interactions and important exam points."
Magnesium hydroxide,NCBI PubChem,,Syllabus drug — Antacid,https://pubchem.ncbi.nlm.nih.gov/#query=Magnesium%20hydroxide,"Use for B.Pharm pharmacology/medicinal chemistry revision: mechanism, class, structure/functional groups, therapeutic uses, adverse effects, interactions and important exam points."
Potassium chloride,NCBI PubChem,,Syllabus drug — Electrolyte replacement,https://pubchem.ncbi.nlm.nih.gov/#query=Potassium%20chloride,"Use for B.Pharm pharmacology/medicinal chemistry revision: mechanism, class, structure/functional groups, therapeutic uses, adverse effects, interactions and important exam points."
Mupirocin,NCBI PubChem,,Syllabus drug — Topical antibiotic,https://pubchem.ncbi.nlm.nih.gov/#query=Mupirocin,"Use for B.Pharm pharmacology/medicinal chemistry revision: mechanism, class, structure/functional groups, therapeutic uses, adverse effects, interactions and important exam points."
Silver sulfadiazine,NCBI PubChem,,Syllabus drug — Topical antimicrobial,https://pubchem.ncbi.nlm.nih.gov/#query=Silver%20sulfadiazine,"Use for B.Pharm pharmacology/medicinal chemistry revision: mechanism, class, structure/functional groups, therapeutic uses, adverse effects, interactions and important exam points."
Adapalene,NCBI PubChem,,Syllabus drug — Topical retinoid,https://pubchem.ncbi.nlm.nih.gov/#query=Adapalene,"Use for B.Pharm pharmacology/medicinal chemistry revision: mechanism, class, structure/functional groups, therapeutic uses, adverse effects, interactions and important exam points."
Tretinoin,NCBI PubChem,,Syllabus drug — Topical retinoid,https://pubchem.ncbi.nlm.nih.gov/#query=Tretinoin,"Use for B.Pharm pharmacology/medicinal chemistry revision: mechanism, class, structure/functional groups, therapeutic uses, adverse effects, interactions and important exam points."
Hydroquinone,NCBI PubChem,,Syllabus drug — Depigmenting agent,https://pubchem.ncbi.nlm.nih.gov/#query=Hydroquinone,"Use for B.Pharm pharmacology/medicinal chemistry revision: mechanism, class, structure/functional groups, therapeutic uses, adverse effects, interactions and important exam points."
Ketamine,NCBI PubChem,,Syllabus drug — General anesthetic,https://pubchem.ncbi.nlm.nih.gov/#query=Ketamine,"Use for B.Pharm pharmacology/medicinal chemistry revision: mechanism, class, structure/functional groups, therapeutic uses, adverse effects, interactions and important exam points."
Propofol,NCBI PubChem,,Syllabus drug — General anesthetic,https://pubchem.ncbi.nlm.nih.gov/#query=Propofol,"Use for B.Pharm pharmacology/medicinal chemistry revision: mechanism, class, structure/functional groups, therapeutic uses, adverse effects, interactions and important exam points."
Thiopentone,NCBI PubChem,,Syllabus drug — Barbiturate anesthetic,https://pubchem.ncbi.nlm.nih.gov/#query=Thiopentone,"Use for B.Pharm pharmacology/medicinal chemistry revision: mechanism, class, structure/functional groups, therapeutic uses, adverse effects, interactions and important exam points."
Sevoflurane,NCBI PubChem,,Syllabus drug — Inhalational anesthetic,https://pubchem.ncbi.nlm.nih.gov/#query=Sevoflurane,"Use for B.Pharm pharmacology/medicinal chemistry revision: mechanism, class, structure/functional groups, therapeutic uses, adverse effects, interactions and important exam points."
Halothane,NCBI PubChem,,Syllabus drug — Inhalational anesthetic,https://pubchem.ncbi.nlm.nih.gov/#query=Halothane,"Use for B.Pharm pharmacology/medicinal chemistry revision: mechanism, class, structure/functional groups, therapeutic uses, adverse effects, interactions and important exam points."
Succinylcholine,NCBI PubChem,,Syllabus drug — Neuromuscular blocker,https://pubchem.ncbi.nlm.nih.gov/#query=Succinylcholine,"Use for B.Pharm pharmacology/medicinal chemistry revision: mechanism, class, structure/functional groups, therapeutic uses, adverse effects, interactions and important exam points."
Vecuronium,NCBI PubChem,,Syllabus drug — Neuromuscular blocker,https://pubchem.ncbi.nlm.nih.gov/#query=Vecuronium,"Use for B.Pharm pharmacology/medicinal chemistry revision: mechanism, class, structure/functional groups, therapeutic uses, adverse effects, interactions and important exam points."
Rocuronium,NCBI PubChem,,Syllabus drug — Neuromuscular blocker,https://pubchem.ncbi.nlm.nih.gov/#query=Rocuronium,"Use for B.Pharm pharmacology/medicinal chemistry revision: mechanism, class, structure/functional groups, therapeutic uses, adverse effects, interactions and important exam points."
Oxytocin,NCBI PubChem,,Syllabus drug — Uterotonic hormone,https://pubchem.ncbi.nlm.nih.gov/#query=Oxytocin,"Use for B.Pharm pharmacology/medicinal chemistry revision: mechanism, class, structure/functional groups, therapeutic uses, adverse effects, interactions and important exam points."
Misoprostol,NCBI PubChem,,Syllabus drug — Prostaglandin analogue,https://pubchem.ncbi.nlm.nih.gov/#query=Misoprostol,"Use for B.Pharm pharmacology/medicinal chemistry revision: mechanism, class, structure/functional groups, therapeutic uses, adverse effects, interactions and important exam points."
Mifepristone,NCBI PubChem,,Syllabus drug — Progesterone antagonist,https://pubchem.ncbi.nlm.nih.gov/#query=Mifepristone,"Use for B.Pharm pharmacology/medicinal chemistry revision: mechanism, class, structure/functional groups, therapeutic uses, adverse effects, interactions and important exam points."
Ethinylestradiol,NCBI PubChem,,Syllabus drug — Estrogen component,https://pubchem.ncbi.nlm.nih.gov/#query=Ethinylestradiol,"Use for B.Pharm pharmacology/medicinal chemistry revision: mechanism, class, structure/functional groups, therapeutic uses, adverse effects, interactions and important exam points."
Levonorgestrel,NCBI PubChem,,Syllabus drug — Progestin,https://pubchem.ncbi.nlm.nih.gov/#query=Levonorgestrel,"Use for B.Pharm pharmacology/medicinal chemistry revision: mechanism, class, structure/functional groups, therapeutic uses, adverse effects, interactions and important exam points."
Progesterone,NCBI PubChem,,Syllabus drug — Progestogen,https://pubchem.ncbi.nlm.nih.gov/#query=Progesterone,"Use for B.Pharm pharmacology/medicinal chemistry revision: mechanism, class, structure/functional groups, therapeutic uses, adverse effects, interactions and important exam points."
Testosterone,NCBI PubChem,,Syllabus drug — Androgen,https://pubchem.ncbi.nlm.nih.gov/#query=Testosterone,"Use for B.Pharm pharmacology/medicinal chemistry revision: mechanism, class, structure/functional groups, therapeutic uses, adverse effects, interactions and important exam points."
Sildenafil,NCBI PubChem,,Syllabus drug — PDE5 inhibitor,https://pubchem.ncbi.nlm.nih.gov/#query=Sildenafil,"Use for B.Pharm pharmacology/medicinal chemistry revision: mechanism, class, structure/functional groups, therapeutic uses, adverse effects, interactions and important exam points."
Finasteride,NCBI PubChem,,Syllabus drug — 5-alpha reductase inhibitor,https://pubchem.ncbi.nlm.nih.gov/#query=Finasteride,"Use for B.Pharm pharmacology/medicinal chemistry revision: mechanism, class, structure/functional groups, therapeutic uses, adverse effects, interactions and important exam points."
Tamsulosin,NCBI PubChem,,Syllabus drug — ?1A blocker,https://pubchem.ncbi.nlm.nih.gov/#query=Tamsulosin,"Use for B.Pharm pharmacology/medicinal chemistry revision: mechanism, class, structure/functional groups, therapeutic uses, adverse effects, interactions and important exam points."
Allopurinol,NCBI PubChem,,Syllabus drug — Xanthine oxidase inhibitor,https://pubchem.ncbi.nlm.nih.gov/#query=Allopurinol,"Use for B.Pharm pharmacology/medicinal chemistry revision: mechanism, class, structure/functional groups, therapeutic uses, adverse effects, interactions and important exam points."
Colchicine,NCBI PubChem,,Syllabus drug — Antigout drug,https://pubchem.ncbi.nlm.nih.gov/#query=Colchicine,"Use for B.Pharm pharmacology/medicinal chemistry revision: mechanism, class, structure/functional groups, therapeutic uses, adverse effects, interactions and important exam points."
Ursodeoxycholic acid,NCBI PubChem,,Syllabus drug — Bile acid,https://pubchem.ncbi.nlm.nih.gov/#query=Ursodeoxycholic%20acid,"Use for B.Pharm pharmacology/medicinal chemistry revision: mechanism, class, structure/functional groups, therapeutic uses, adverse effects, interactions and important exam points."
Acetazolamide,NCBI PubChem,,Syllabus drug — Carbonic anhydrase inhibitor,https://pubchem.ncbi.nlm.nih.gov/#query=Acetazolamide,"Use for B.Pharm pharmacology/medicinal chemistry revision: mechanism, class, structure/functional groups, therapeutic uses, adverse effects, interactions and important exam points."
Timolol,NCBI PubChem,,Syllabus drug — ? blocker / antiglaucoma,https://pubchem.ncbi.nlm.nih.gov/#query=Timolol,"Use for B.Pharm pharmacology/medicinal chemistry revision: mechanism, class, structure/functional groups, therapeutic uses, adverse effects, interactions and important exam points."
Travoprost,NCBI PubChem,,Syllabus drug — Prostaglandin analogue / antiglaucoma,https://pubchem.ncbi.nlm.nih.gov/#query=Travoprost,"Use for B.Pharm pharmacology/medicinal chemistry revision: mechanism, class, structure/functional groups, therapeutic uses, adverse effects, interactions and important exam points."
Brimonidine,NCBI PubChem,,Syllabus drug — ?2 agonist / antiglaucoma,https://pubchem.ncbi.nlm.nih.gov/#query=Brimonidine,"Use for B.Pharm pharmacology/medicinal chemistry revision: mechanism, class, structure/functional groups, therapeutic uses, adverse effects, interactions and important exam points."
Ranitidine,NCBI PubChem,,Syllabus drug — H2 blocker (historical syllabus reference),https://pubchem.ncbi.nlm.nih.gov/#query=Ranitidine,"Use for B.Pharm pharmacology/medicinal chemistry revision: mechanism, class, structure/functional groups, therapeutic uses, adverse effects, interactions and important exam points."
Rifampin,NCBI PubChem,,Syllabus drug — Antitubercular,https://pubchem.ncbi.nlm.nih.gov/#query=Rifampin,"Use for B.Pharm pharmacology/medicinal chemistry revision: mechanism, class, structure/functional groups, therapeutic uses, adverse effects, interactions and important exam points."
